filepath,vendor,session,interaction,participant,folder,sex
/Users/m/datasets/seamless_interaction/naturalistic/train/0017/0012/V00_S0619_I00000373_P0771.jpg,V00,S0619,I00000373,P0771,0017,
/Users/m/datasets/seamless_interaction/naturalistic/train/0017/0023/V00_S0603_I00000372_P0762.jpg,V00,S0603,I00000372,P0762,0017,
/Users/m/datasets/seamless_interaction/naturalistic/train/0001/0018/V00_S0099_I00000372_P0145.jpg,V00,S0099,I00000372,P0145,0001,
/Users/m/datasets/seamless_interaction/naturalistic/train/0017/0021/V00_S0599_I00000377_P0675.jpg,V00,S0599,I00000377,P0675,0017,
/Users/m/datasets/seamless_interaction/naturalistic/train/0019/0032/V00_S0654_I00000135_P0805.jpg,V00,S0654,I00000135,P0805,0019,
/Users/m/datasets/seamless_interaction/naturalistic/train/0006/0037/V00_S0254_I00000385_P0349.jpg,V00,S0254,I00000385,P0349,0006,
/Users/m/datasets/seamless_interaction/naturalistic/train/0017/0044/V00_S0590_I00000497_P0745.jpg,V00,S0590,I00000497,P0745,0017,
/Users/m/datasets/seamless_interaction/naturalistic/train/0002/0019/V00_S0113_I00000488_P0164.jpg,V00,S0113,I00000488,P0164,0002,
/Users/m/datasets/seamless_interaction/naturalistic/train/0003/0017/V00_S0145_I00000482_P0074.jpg,V00,S0145,I00000482,P0074,0003,
/Users/m/datasets/seamless_interaction/naturalistic/train/0000/0009/V00_S0063_I00000309_P0094.jpg,V00,S0063,I00000309,P0094,0000,
/Users/m/datasets/seamless_interaction/naturalistic/train/0000/0008/V00_S0035_I00000381_P0055.jpg,V00,S0035,I00000381,P0055,0000,
/Users/m/datasets/seamless_interaction/naturalistic/train/0013/0029/V00_S0494_I00000487_P0634.jpg,V00,S0494,I00000487,P0634,0013,
/Users/m/datasets/seamless_interaction/naturalistic/train/0018/0000/V00_S0625_I00000307_P0781.jpg,V00,S0625,I00000307,P0781,0018,
/Users/m/datasets/seamless_interaction/naturalistic/train/0008/0023/V00_S0318_I00000515_P0430.jpg,V00,S0318,I00000515,P0430,0008,
/Users/m/datasets/seamless_interaction/naturalistic/train/0000/0018/V00_S0063_I00000134_P0048.jpg,V00,S0063,I00000134,P0048,0000,
/Users/m/datasets/seamless_interaction/naturalistic/train/0006/0004/V00_S0279_I00000503_P0376.jpg,V00,S0279,I00000503,P0376,0006,
/Users/m/datasets/seamless_interaction/naturalistic/train/0008/0021/V00_S0339_I00000481_P0439.jpg,V00,S0339,I00000481,P0439,0008,
/Users/m/datasets/seamless_interaction/naturalistic/train/0020/0038/V00_S0694_I00000137_P0842.jpg,V00,S0694,I00000137,P0842,0020,
/Users/m/datasets/seamless_interaction/naturalistic/train/0000/0001/V00_S0050_I00000132_P0078.jpg,V00,S0050,I00000132,P0078,0000,
/Users/m/datasets/seamless_interaction/naturalistic/train/0000/0018/V00_S0047_I00000129_P0072.jpg,V00,S0047,I00000129,P0072,0000,
/Users/m/datasets/seamless_interaction/naturalistic/train/0006/0016/V00_S0277_I00000371_P0252.jpg,V00,S0277,I00000371,P0252,0006,
/Users/m/datasets/seamless_interaction/naturalistic/train/0011/0006/V00_S0415_I00000383_P0545.jpg,V00,S0415,I00000383,P0545,0011,
/Users/m/datasets/seamless_interaction/naturalistic/train/0014/0007/V00_S0519_I00000500_P0253.jpg,V00,S0519,I00000500,P0253,0014,
/Users/m/datasets/seamless_interaction/naturalistic/train/0010/0007/V00_S0386_I00000514_P0511.jpg,V00,S0386,I00000514,P0511,0010,
/Users/m/datasets/seamless_interaction/naturalistic/train/0017/0003/V00_S0620_I00000481_P0772.jpg,V00,S0620,I00000481,P0772,0017,
/Users/m/datasets/seamless_interaction/naturalistic/train/0017/0041/V00_S0618_I00000376_P0766.jpg,V00,S0618,I00000376,P0766,0017,
/Users/m/datasets/seamless_interaction/naturalistic/train/0018/0025/V00_S0635_I00000497_P0793.jpg,V00,S0635,I00000497,P0793,0018,
/Users/m/datasets/seamless_interaction/naturalistic/train/0005/0008/V00_S0217_I00000484_P0090.jpg,V00,S0217,I00000484,P0090,0005,
/Users/m/datasets/seamless_interaction/naturalistic/train/0009/0043/V00_S0355_I00000139_P0477.jpg,V00,S0355,I00000139,P0477,0009,
/Users/m/datasets/seamless_interaction/naturalistic/train/0014/0025/V00_S0506_I00000377_P0558.jpg,V00,S0506,I00000377,P0558,0014,
/Users/m/datasets/seamless_interaction/naturalistic/train/0002/0005/V00_S0139_I00000371_P0201.jpg,V00,S0139,I00000371,P0201,0002,
/Users/m/datasets/seamless_interaction/naturalistic/train/0008/0043/V00_S0331_I00000481_P0193.jpg,V00,S0331,I00000481,P0193,0008,
/Users/m/datasets/seamless_interaction/naturalistic/train/0006/0023/V00_S0275_I00000126_P0372.jpg,V00,S0275,I00000126,P0372,0006,
/Users/m/datasets/seamless_interaction/naturalistic/train/0013/0020/V00_S0502_I00000462_P0643.jpg,V00,S0502,I00000462,P0643,0013,
/Users/m/datasets/seamless_interaction/naturalistic/train/0014/0003/V00_S0534_I00000135_P0300.jpg,V00,S0534,I00000135,P0300,0014,
/Users/m/datasets/seamless_interaction/naturalistic/train/0002/0032/V00_S0114_I00000381_P0166.jpg,V00,S0114,I00000381,P0166,0002,
/Users/m/datasets/seamless_interaction/naturalistic/train/0001/0003/V00_S0100_I00000129_P0147.jpg,V00,S0100,I00000129,P0147,0001,
/Users/m/datasets/seamless_interaction/naturalistic/train/0004/0029/V00_S0187_I00000486_P0258.jpg,V00,S0187,I00000486,P0258,0004,
/Users/m/datasets/seamless_interaction/naturalistic/train/0003/0007/V00_S0168_I00000486_P0027A.jpg,V00,S0168,I00000486,P0027A,0003,
/Users/m/datasets/seamless_interaction/naturalistic/train/0003/0027/V00_S0177_I00000575_P0001.jpg,V00,S0177,I00000575,P0001,0003,
/Users/m/datasets/seamless_interaction/naturalistic/train/0017/0010/V00_S0593_I00000376_P0750.jpg,V00,S0593,I00000376,P0750,0017,
/Users/m/datasets/seamless_interaction/naturalistic/train/0010/0039/V00_S0393_I00000482_P0523.jpg,V00,S0393,I00000482,P0523,0010,
/Users/m/datasets/seamless_interaction/naturalistic/train/0000/0000/V00_S0030_I00000126_P0045.jpg,V00,S0030,I00000126,P0045,0000,
/Users/m/datasets/seamless_interaction/naturalistic/train/0011/0036/V00_S0422_I00000497_P0557.jpg,V00,S0422,I00000497,P0557,0011,
/Users/m/datasets/seamless_interaction/naturalistic/train/0011/0005/V00_S0401_I00000501_P0537.jpg,V00,S0401,I00000501,P0537,0011,
/Users/m/datasets/seamless_interaction/naturalistic/train/0005/0003/V00_S0243_I00000478_P0331.jpg,V00,S0243,I00000478,P0331,0005,
/Users/m/datasets/seamless_interaction/naturalistic/train/0002/0038/V00_S0116_I00000140_P0169.jpg,V00,S0116,I00000140,P0169,0002,
/Users/m/datasets/seamless_interaction/naturalistic/train/0002/0018/V00_S0110_I00000489_P0159.jpg,V00,S0110,I00000489,P0159,0002,
/Users/m/datasets/seamless_interaction/naturalistic/train/0000/0020/V00_S0032_I00000135_P0049.jpg,V00,S0032,I00000135,P0049,0000,
/Users/m/datasets/seamless_interaction/naturalistic/train/0009/0039/V00_S0354_I00000378_P0475.jpg,V00,S0354,I00000378,P0475,0009,
/Users/m/datasets/seamless_interaction/naturalistic/train/0009/0007/V00_S0359_I00000520_P0483.jpg,V00,S0359,I00000520,P0483,0009,
/Users/m/datasets/seamless_interaction/naturalistic/train/0019/0044/V00_S0659_I00000520_P0811.jpg,V00,S0659,I00000520,P0811,0019,
/Users/m/datasets/seamless_interaction/naturalistic/train/0002/0010/V00_S0121_I00000313_P0177.jpg,V00,S0121,I00000313,P0177,0002,
/Users/m/datasets/seamless_interaction/naturalistic/train/0013/0005/V00_S0474_I00000138_P0614.jpg,V00,S0474,I00000138,P0614,0013,
/Users/m/datasets/seamless_interaction/naturalistic/train/0016/0002/V00_S0576_I00000477_P0726.jpg,V00,S0576,I00000477,P0726,0016,
/Users/m/datasets/seamless_interaction/naturalistic/train/0020/0026/V00_S0694_I00000131_P0727.jpg,V00,S0694,I00000131,P0727,0020,
/Users/m/datasets/seamless_interaction/naturalistic/train/0014/0024/V00_S0532_I00000135_P0557.jpg,V00,S0532,I00000135,P0557,0014,
/Users/m/datasets/seamless_interaction/naturalistic/train/0010/0004/V00_S0394_I00000514_P0525.jpg,V00,S0394,I00000514,P0525,0010,
/Users/m/datasets/seamless_interaction/naturalistic/train/0005/0005/V00_S0215_I00000483_P0291.jpg,V00,S0215,I00000483,P0291,0005,
/Users/m/datasets/seamless_interaction/naturalistic/train/0009/0003/V00_S0351_I00000140_P0395.jpg,V00,S0351,I00000140,P0395,0009,
/Users/m/datasets/seamless_interaction/naturalistic/train/0003/0001/V00_S0178_I00000138_P0243.jpg,V00,S0178,I00000138,P0243,0003,
/Users/m/datasets/seamless_interaction/naturalistic/train/0012/0005/V00_S0464_I00000486_P0593.jpg,V00,S0464,I00000486,P0593,0012,
/Users/m/datasets/seamless_interaction/naturalistic/train/0016/0031/V00_S0572_I00000131_P0274.jpg,V00,S0572,I00000131,P0274,0016,
/Users/m/datasets/seamless_interaction/naturalistic/train/0010/0040/V00_S0392_I00000385_P0521.jpg,V00,S0392,I00000385,P0521,0010,
/Users/m/datasets/seamless_interaction/naturalistic/train/0011/0035/V00_S0418_I00000135_P0551.jpg,V00,S0418,I00000135,P0551,0011,
/Users/m/datasets/seamless_interaction/naturalistic/train/0012/0001/V00_S0465_I00000383_P0595.jpg,V00,S0465,I00000383,P0595,0012,
/Users/m/datasets/seamless_interaction/naturalistic/train/0018/0044/V00_S0629_I00000376_P0752.jpg,V00,S0629,I00000376,P0752,0018,
/Users/m/datasets/seamless_interaction/naturalistic/train/0013/0020/V00_S0498_I00000477_P0635.jpg,V00,S0498,I00000477,P0635,0013,
/Users/m/datasets/seamless_interaction/naturalistic/train/0019/0035/V00_S0663_I00000385_P0821.jpg,V00,S0663,I00000385,P0821,0019,
/Users/m/datasets/seamless_interaction/naturalistic/train/0003/0018/V00_S0148_I00000461_P0211.jpg,V00,S0148,I00000461,P0211,0003,
/Users/m/datasets/seamless_interaction/naturalistic/train/0014/0026/V00_S0511_I00000139_P0654.jpg,V00,S0511,I00000139,P0654,0014,
/Users/m/datasets/seamless_interaction/naturalistic/train/0001/0037/V00_S0065_I00000497_P0097.jpg,V00,S0065,I00000497,P0097,0001,
/Users/m/datasets/seamless_interaction/naturalistic/train/0002/0022/V00_S0122_I00000503_P0180.jpg,V00,S0122,I00000503,P0180,0002,
/Users/m/datasets/seamless_interaction/naturalistic/train/0011/0002/V00_S0423_I00000497_P0558.jpg,V00,S0423,I00000497,P0558,0011,
/Users/m/datasets/seamless_interaction/naturalistic/train/0000/0006/V00_S0064_I00000382_P0096.jpg,V00,S0064,I00000382,P0096,0000,
/Users/m/datasets/seamless_interaction/naturalistic/train/0003/0034/V00_S0154_I00000125_P0221.jpg,V00,S0154,I00000125,P0221,0003,
/Users/m/datasets/seamless_interaction/naturalistic/train/0007/0011/V00_S0307_I00000371_P0413.jpg,V00,S0307,I00000371,P0413,0007,
/Users/m/datasets/seamless_interaction/naturalistic/train/0019/0036/V00_S0661_I00000486_P0819.jpg,V00,S0661,I00000486,P0819,0019,
/Users/m/datasets/seamless_interaction/naturalistic/train/0005/0005/V00_S0223_I00000372_P0306.jpg,V00,S0223,I00000372,P0306,0005,
/Users/m/datasets/seamless_interaction/naturalistic/train/0003/0036/V00_S0177_I00000479_P0122.jpg,V00,S0177,I00000479,P0122,0003,
/Users/m/datasets/seamless_interaction/naturalistic/train/0007/0004/V00_S0312_I00000481_P0420.jpg,V00,S0312,I00000481,P0420,0007,
/Users/m/datasets/seamless_interaction/naturalistic/train/0005/0009/V00_S0216_I00000486_P0293.jpg,V00,S0216,I00000486,P0293,0005,
/Users/m/datasets/seamless_interaction/naturalistic/train/0020/0005/V00_S0702_I00000383_P0854.jpg,V00,S0702,I00000383,P0854,0020,
/Users/m/datasets/seamless_interaction/naturalistic/train/0008/0029/V00_S0321_I00000139_P0435.jpg,V00,S0321,I00000139,P0435,0008,
/Users/m/datasets/seamless_interaction/naturalistic/train/0019/0030/V00_S0690_I00000377_P0838.jpg,V00,S0690,I00000377,P0838,0019,
/Users/m/datasets/seamless_interaction/naturalistic/train/0014/0016/V00_S0505_I00000502_P0509.jpg,V00,S0505,I00000502,P0509,0014,
/Users/m/datasets/seamless_interaction/naturalistic/train/0011/0029/V00_S0409_I00000374_P0260.jpg,V00,S0409,I00000374,P0260,0011,
/Users/m/datasets/seamless_interaction/naturalistic/train/0019/0020/V00_S0687_I00000373_P0837.jpg,V00,S0687,I00000373,P0837,0019,
/Users/m/datasets/seamless_interaction/naturalistic/train/0007/0013/V00_S0285_I00000484_P0386.jpg,V00,S0285,I00000484,P0386,0007,
/Users/m/datasets/seamless_interaction/naturalistic/train/0020/0036/V00_S0728_I00000373_P0876.jpg,V00,S0728,I00000373,P0876,0020,
/Users/m/datasets/seamless_interaction/naturalistic/train/0010/0020/V00_S0384_I00000135_P0508.jpg,V00,S0384,I00000135,P0508,0010,
/Users/m/datasets/seamless_interaction/naturalistic/train/0001/0019/V00_S0094_I00000129_P0135.jpg,V00,S0094,I00000129,P0135,0001,
/Users/m/datasets/seamless_interaction/naturalistic/train/0010/0039/V00_S0389_I00000375_P0517.jpg,V00,S0389,I00000375,P0517,0010,
/Users/m/datasets/seamless_interaction/naturalistic/train/0005/0038/V00_S0246_I00000486_P0335.jpg,V00,S0246,I00000486,P0335,0005,
/Users/m/datasets/seamless_interaction/naturalistic/train/0003/0011/V00_S0149_I00000128_P0207.jpg,V00,S0149,I00000128,P0207,0003,
/Users/m/datasets/seamless_interaction/naturalistic/train/0001/0010/V00_S0083_I00000501_P0121.jpg,V00,S0083,I00000501,P0121,0001,
/Users/m/datasets/seamless_interaction/naturalistic/train/0011/0031/V00_S0409_I00000375_P0540.jpg,V00,S0409,I00000375,P0540,0011,
/Users/m/datasets/seamless_interaction/naturalistic/train/0011/0027/V00_S0413_I00000477_P0541.jpg,V00,S0413,I00000477,P0541,0011,
/Users/m/datasets/seamless_interaction/naturalistic/train/0019/0014/V00_S0671_I00000132_P0724.jpg,V00,S0671,I00000132,P0724,0019,
/Users/m/datasets/seamless_interaction/naturalistic/train/0003/0013/V00_S0144_I00000486_P0079.jpg,V00,S0144,I00000486,P0079,0003,
/Users/m/datasets/seamless_interaction/naturalistic/train/0015/0015/V00_S0556_I00000384_P0701.jpg,V00,S0556,I00000384,P0701,0015,
/Users/m/datasets/seamless_interaction/naturalistic/train/0015/0029/V00_S0567_I00000371_P0460.jpg,V00,S0567,I00000371,P0460,0015,
/Users/m/datasets/seamless_interaction/naturalistic/train/0015/0021/V00_S0558_I00000135_P0520.jpg,V00,S0558,I00000135,P0520,0015,
/Users/m/datasets/seamless_interaction/naturalistic/train/0002/0011/V00_S0118_I00000129_P0174.jpg,V00,S0118,I00000129,P0174,0002,
/Users/m/datasets/seamless_interaction/naturalistic/train/0014/0029/V00_S0528_I00000495_P0160.jpg,V00,S0528,I00000495,P0160,0014,
/Users/m/datasets/seamless_interaction/naturalistic/train/0003/0011/V00_S0146_I00000128_P0069.jpg,V00,S0146,I00000128,P0069,0003,
/Users/m/datasets/seamless_interaction/naturalistic/train/0001/0011/V00_S0085_I00000490_P0125.jpg,V00,S0085,I00000490,P0125,0001,
/Users/m/datasets/seamless_interaction/naturalistic/train/0014/0005/V00_S0511_I00000129_P0300.jpg,V00,S0511,I00000129,P0300,0014,
/Users/m/datasets/seamless_interaction/naturalistic/train/0017/0002/V00_S0600_I00000461_P0758.jpg,V00,S0600,I00000461,P0758,0017,
/Users/m/datasets/seamless_interaction/naturalistic/train/0017/0039/V00_S0601_I00000483_P0576.jpg,V00,S0601,I00000483,P0576,0017,
/Users/m/datasets/seamless_interaction/naturalistic/train/0019/0022/V00_S0658_I00000477_P0812.jpg,V00,S0658,I00000477,P0812,0019,
/Users/m/datasets/seamless_interaction/naturalistic/train/0000/0005/V00_S0036_I00000134_P0058.jpg,V00,S0036,I00000134,P0058,0000,
/Users/m/datasets/seamless_interaction/naturalistic/train/0009/0001/V00_S0378_I00000462_P0502.jpg,V00,S0378,I00000462,P0502,0009,
/Users/m/datasets/seamless_interaction/naturalistic/train/0017/0035/V00_S0597_I00000495_P0756.jpg,V00,S0597,I00000495,P0756,0017,
/Users/m/datasets/seamless_interaction/naturalistic/train/0018/0035/V00_S0623_I00000477_P0776.jpg,V00,S0623,I00000477,P0776,0018,
/Users/m/datasets/seamless_interaction/naturalistic/train/0002/0027/V00_S0143_I00000514_P0071.jpg,V00,S0143,I00000514,P0071,0002,
/Users/m/datasets/seamless_interaction/naturalistic/train/0000/0011/V00_S0033_I00000481_P0051.jpg,V00,S0033,I00000481,P0051,0000,
/Users/m/datasets/seamless_interaction/naturalistic/train/0004/0014/V00_S0211_I00000376_P0285.jpg,V00,S0211,I00000376,P0285,0004,
/Users/m/datasets/seamless_interaction/naturalistic/train/0017/0009/V00_S0588_I00000520_P0138.jpg,V00,S0588,I00000520,P0138,0017,
/Users/m/datasets/seamless_interaction/naturalistic/train/0016/0016/V00_S0571_I00000131_P0718.jpg,V00,S0571,I00000131,P0718,0016,
/Users/m/datasets/seamless_interaction/naturalistic/train/0003/0019/V00_S0144_I00000500_P0206.jpg,V00,S0144,I00000500,P0206,0003,
/Users/m/datasets/seamless_interaction/naturalistic/train/0013/0035/V00_S0501_I00000374_P0641.jpg,V00,S0501,I00000374,P0641,0013,
/Users/m/datasets/seamless_interaction/naturalistic/train/0010/0002/V00_S0383_I00000462_P0507.jpg,V00,S0383,I00000462,P0507,0010,
/Users/m/datasets/seamless_interaction/naturalistic/train/0016/0026/V00_S0581_I00000134_P0731.jpg,V00,S0581,I00000134,P0731,0016,
/Users/m/datasets/seamless_interaction/naturalistic/train/0012/0038/V00_S0458_I00000134_P0590.jpg,V00,S0458,I00000134,P0590,0012,
/Users/m/datasets/seamless_interaction/naturalistic/train/0018/0026/V00_S0637_I00000462_P0795.jpg,V00,S0637,I00000462,P0795,0018,
/Users/m/datasets/seamless_interaction/naturalistic/train/0006/0038/V00_S0257_I00000126_P0354.jpg,V00,S0257,I00000126,P0354,0006,
/Users/m/datasets/seamless_interaction/naturalistic/train/0006/0007/V00_S0278_I00000372_P0122.jpg,V00,S0278,I00000372,P0122,0006,
/Users/m/datasets/seamless_interaction/naturalistic/train/0011/0012/V00_S0441_I00000384_P0578.jpg,V00,S0441,I00000384,P0578,0011,
/Users/m/datasets/seamless_interaction/naturalistic/train/0020/0019/V00_S0730_I00000374_P0878.jpg,V00,S0730,I00000374,P0878,0020,
/Users/m/datasets/seamless_interaction/naturalistic/train/0005/0026/V00_S0245_I00000520_P0055.jpg,V00,S0245,I00000520,P0055,0005,
/Users/m/datasets/seamless_interaction/naturalistic/train/0000/0027/V00_S0033_I00000484_P0052.jpg,V00,S0033,I00000484,P0052,0000,
/Users/m/datasets/seamless_interaction/naturalistic/train/0019/0014/V00_S0679_I00000135_P0834.jpg,V00,S0679,I00000135,P0834,0019,
/Users/m/datasets/seamless_interaction/naturalistic/train/0013/0000/V00_S0485_I00000128_P0620.jpg,V00,S0485,I00000128,P0620,0013,
/Users/m/datasets/seamless_interaction/naturalistic/train/0007/0021/V00_S0287_I00000137_P0011.jpg,V00,S0287,I00000137,P0011,0007,
/Users/m/datasets/seamless_interaction/naturalistic/train/0013/0038/V00_S0502_I00000462_P0644.jpg,V00,S0502,I00000462,P0644,0013,
/Users/m/datasets/seamless_interaction/naturalistic/train/0013/0036/V00_S0474_I00000128_P0613.jpg,V00,S0474,I00000128,P0613,0013,
/Users/m/datasets/seamless_interaction/naturalistic/train/0010/0017/V00_S0391_I00000478_P0519.jpg,V00,S0391,I00000478,P0519,0010,
/Users/m/datasets/seamless_interaction/naturalistic/train/0005/0027/V00_S0247_I00000378_P0337.jpg,V00,S0247,I00000378,P0337,0005,
/Users/m/datasets/seamless_interaction/naturalistic/train/0017/0001/V00_S0590_I00000135_P0744.jpg,V00,S0590,I00000135,P0744,0017,
/Users/m/datasets/seamless_interaction/naturalistic/train/0004/0033/V00_S0180_I00000482_P0247.jpg,V00,S0180,I00000482,P0247,0004,
/Users/m/datasets/seamless_interaction/naturalistic/train/0013/0011/V00_S0500_I00000486_P0639.jpg,V00,S0500,I00000486,P0639,0013,
/Users/m/datasets/seamless_interaction/naturalistic/train/0016/0025/V00_S0583_I00000125_P0468.jpg,V00,S0583,I00000125,P0468,0016,
/Users/m/datasets/seamless_interaction/naturalistic/train/0006/0001/V00_S0279_I00000375_P0119.jpg,V00,S0279,I00000375,P0119,0006,
/Users/m/datasets/seamless_interaction/naturalistic/train/0002/0018/V00_S0116_I00000374_P0170.jpg,V00,S0116,I00000374,P0170,0002,
/Users/m/datasets/seamless_interaction/naturalistic/train/0015/0006/V00_S0559_I00000481_P0368.jpg,V00,S0559,I00000481,P0368,0015,
/Users/m/datasets/seamless_interaction/naturalistic/train/0005/0012/V00_S0242_I00000510_P0328.jpg,V00,S0242,I00000510,P0328,0005,
/Users/m/datasets/seamless_interaction/naturalistic/train/0020/0006/V00_S0698_I00000481_P0791.jpg,V00,S0698,I00000481,P0791,0020,
/Users/m/datasets/seamless_interaction/naturalistic/train/0014/0008/V00_S0510_I00000307_P0646.jpg,V00,S0510,I00000307,P0646,0014,
/Users/m/datasets/seamless_interaction/naturalistic/train/0002/0037/V00_S0122_I00000385_P0179.jpg,V00,S0122,I00000385,P0179,0002,
/Users/m/datasets/seamless_interaction/naturalistic/train/0007/0003/V00_S0317_I00000500_P0360.jpg,V00,S0317,I00000500,P0360,0007,
/Users/m/datasets/seamless_interaction/naturalistic/train/0011/0015/V00_S0413_I00000477_P0300.jpg,V00,S0413,I00000477,P0300,0011,
/Users/m/datasets/seamless_interaction/naturalistic/train/0016/0009/V00_S0576_I00000478_P0727.jpg,V00,S0576,I00000478,P0727,0016,
/Users/m/datasets/seamless_interaction/naturalistic/train/0015/0026/V00_S0555_I00000139_P0698.jpg,V00,S0555,I00000139,P0698,0015,
/Users/m/datasets/seamless_interaction/naturalistic/train/0003/0015/V00_S0176_I00000129_P0242.jpg,V00,S0176,I00000129,P0242,0003,
/Users/m/datasets/seamless_interaction/naturalistic/train/0018/0045/V00_S0628_I00000135_P0784.jpg,V00,S0628,I00000135,P0784,0018,
/Users/m/datasets/seamless_interaction/naturalistic/train/0001/0006/V00_S0078_I00000309_P0112.jpg,V00,S0078,I00000309,P0112,0001,
/Users/m/datasets/seamless_interaction/naturalistic/train/0020/0039/V00_S0702_I00000373_P0853.jpg,V00,S0702,I00000373,P0853,0020,
/Users/m/datasets/seamless_interaction/naturalistic/train/0017/0021/V00_S0603_I00000376_P0763.jpg,V00,S0603,I00000376,P0763,0017,
/Users/m/datasets/seamless_interaction/naturalistic/train/0015/0005/V00_S0565_I00000484_P0709.jpg,V00,S0565,I00000484,P0709,0015,
/Users/m/datasets/seamless_interaction/naturalistic/train/0015/0001/V00_S0535_I00000477_P0675.jpg,V00,S0535,I00000477,P0675,0015,
/Users/m/datasets/seamless_interaction/naturalistic/train/0009/0029/V00_S0349_I00000381_P0468.jpg,V00,S0349,I00000381,P0468,0009,
/Users/m/datasets/seamless_interaction/naturalistic/train/0006/0017/V00_S0251_I00000461_P0345.jpg,V00,S0251,I00000461,P0345,0006,
/Users/m/datasets/seamless_interaction/naturalistic/train/0019/0035/V00_S0665_I00000135_P0300.jpg,V00,S0665,I00000135,P0300,0019,
/Users/m/datasets/seamless_interaction/naturalistic/train/0010/0040/V00_S0397_I00000482_P0090.jpg,V00,S0397,I00000482,P0090,0010,
/Users/m/datasets/seamless_interaction/naturalistic/train/0007/0017/V00_S0309_I00000135_P0334.jpg,V00,S0309,I00000135,P0334,0007,
/Users/m/datasets/seamless_interaction/naturalistic/train/0007/0025/V00_S0311_I00000385_P0419.jpg,V00,S0311,I00000385,P0419,0007,
/Users/m/datasets/seamless_interaction/naturalistic/train/0015/0033/V00_S0566_I00000379_P0711.jpg,V00,S0566,I00000379,P0711,0015,
/Users/m/datasets/seamless_interaction/naturalistic/train/0001/0019/V00_S0078_I00000125_P0113.jpg,V00,S0078,I00000125,P0113,0001,
/Users/m/datasets/seamless_interaction/naturalistic/train/0008/0021/V00_S0327_I00000503_P0150A.jpg,V00,S0327,I00000503,P0150A,0008,
/Users/m/datasets/seamless_interaction/naturalistic/train/0002/0004/V00_S0118_I00000139_P0173.jpg,V00,S0118,I00000139,P0173,0002,
/Users/m/datasets/seamless_interaction/naturalistic/train/0003/0008/V00_S0150_I00000478_P0213.jpg,V00,S0150,I00000478,P0213,0003,
/Users/m/datasets/seamless_interaction/naturalistic/train/0006/0000/V00_S0280_I00000372_P0377.jpg,V00,S0280,I00000372,P0377,0006,
/Users/m/datasets/seamless_interaction/naturalistic/train/0019/0039/V00_S0656_I00000385_P0813.jpg,V00,S0656,I00000385,P0813,0019,
/Users/m/datasets/seamless_interaction/naturalistic/train/0014/0015/V00_S0510_I00000307_P0648.jpg,V00,S0510,I00000307,P0648,0014,
/Users/m/datasets/seamless_interaction/naturalistic/train/0014/0016/V00_S0532_I00000497_P0679.jpg,V00,S0532,I00000497,P0679,0014,
/Users/m/datasets/seamless_interaction/naturalistic/train/0012/0029/V00_S0464_I00000515_P0334.jpg,V00,S0464,I00000515,P0334,0012,
/Users/m/datasets/seamless_interaction/naturalistic/train/0013/0024/V00_S0503_I00000371_P0120.jpg,V00,S0503,I00000371,P0120,0013,
/Users/m/datasets/seamless_interaction/naturalistic/train/0000/0003/V00_S0034_I00000384_P0053.jpg,V00,S0034,I00000384,P0053,0000,
/Users/m/datasets/seamless_interaction/naturalistic/train/0019/0002/V00_S0689_I00000503_P0313.jpg,V00,S0689,I00000503,P0313,0019,
/Users/m/datasets/seamless_interaction/naturalistic/train/0008/0001/V00_S0319_I00000386_P0433.jpg,V00,S0319,I00000386,P0433,0008,
/Users/m/datasets/seamless_interaction/naturalistic/train/0015/0003/V00_S0547_I00000135_P0582.jpg,V00,S0547,I00000135,P0582,0015,
/Users/m/datasets/seamless_interaction/naturalistic/train/0020/0009/V00_S0725_I00000134_P0872.jpg,V00,S0725,I00000134,P0872,0020,
/Users/m/datasets/seamless_interaction/naturalistic/train/0009/0030/V00_S0348_I00000480_P0286.jpg,V00,S0348,I00000480,P0286,0009,
/Users/m/datasets/seamless_interaction/naturalistic/train/0008/0042/V00_S0318_I00000135_P0089.jpg,V00,S0318,I00000135,P0089,0008,
/Users/m/datasets/seamless_interaction/naturalistic/train/0017/0039/V00_S0596_I00000135_P0754.jpg,V00,S0596,I00000135,P0754,0017,
/Users/m/datasets/seamless_interaction/naturalistic/train/0005/0020/V00_S0220_I00000128_P0301.jpg,V00,S0220,I00000128,P0301,0005,
/Users/m/datasets/seamless_interaction/naturalistic/train/0004/0035/V00_S0209_I00000379_P0280.jpg,V00,S0209,I00000379,P0280,0004,
/Users/m/datasets/seamless_interaction/naturalistic/train/0009/0022/V00_S0359_I00000514_P0482.jpg,V00,S0359,I00000514,P0482,0009,
/Users/m/datasets/seamless_interaction/naturalistic/train/0012/0039/V00_S0465_I00000140_P0594.jpg,V00,S0465,I00000140,P0594,0012,
/Users/m/datasets/seamless_interaction/naturalistic/train/0005/0025/V00_S0220_I00000126_P0300.jpg,V00,S0220,I00000126,P0300,0005,
/Users/m/datasets/seamless_interaction/naturalistic/train/0018/0025/V00_S0630_I00000500_P0786.jpg,V00,S0630,I00000500,P0786,0018,
/Users/m/datasets/seamless_interaction/naturalistic/train/0018/0001/V00_S0624_I00000126_P0560.jpg,V00,S0624,I00000126,P0560,0018,
/Users/m/datasets/seamless_interaction/naturalistic/train/0014/0001/V00_S0524_I00000486_P0669.jpg,V00,S0524,I00000486,P0669,0014,
/Users/m/datasets/seamless_interaction/naturalistic/train/0001/0016/V00_S0066_I00000128_P0100.jpg,V00,S0066,I00000128,P0100,0001,
/Users/m/datasets/seamless_interaction/naturalistic/train/0018/0019/V00_S0629_I00000384_P0785.jpg,V00,S0629,I00000384,P0785,0018,
/Users/m/datasets/seamless_interaction/naturalistic/train/0007/0030/V00_S0308_I00000503_P0012.jpg,V00,S0308,I00000503,P0012,0007,
/Users/m/datasets/seamless_interaction/naturalistic/train/0000/0014/V00_S0051_I00000137_P0079.jpg,V00,S0051,I00000137,P0079,0000,
/Users/m/datasets/seamless_interaction/naturalistic/train/0004/0024/V00_S0184_I00000477_P0101.jpg,V00,S0184,I00000477,P0101,0004,
/Users/m/datasets/seamless_interaction/naturalistic/train/0015/0018/V00_S0543_I00000386_P0689.jpg,V00,S0543,I00000386,P0689,0015,
/Users/m/datasets/seamless_interaction/naturalistic/train/0019/0005/V00_S0661_I00000478_P0818.jpg,V00,S0661,I00000478,P0818,0019,
/Users/m/datasets/seamless_interaction/naturalistic/train/0010/0034/V00_S0397_I00000500_P0531.jpg,V00,S0397,I00000500,P0531,0010,
/Users/m/datasets/seamless_interaction/naturalistic/train/0012/0035/V00_S0462_I00000371_P0120.jpg,V00,S0462,I00000371,P0120,0012,
/Users/m/datasets/seamless_interaction/naturalistic/train/0014/0031/V00_S0516_I00000383_P0027A.jpg,V00,S0516,I00000383,P0027A,0014,
/Users/m/datasets/seamless_interaction/naturalistic/train/0006/0016/V00_S0283_I00000500_P0300.jpg,V00,S0283,I00000500,P0300,0006,
/Users/m/datasets/seamless_interaction/naturalistic/train/0007/0027/V00_S0316_I00000462_P0426.jpg,V00,S0316,I00000462,P0426,0007,
/Users/m/datasets/seamless_interaction/naturalistic/train/0011/0026/V00_S0414_I00000382_P0542.jpg,V00,S0414,I00000382,P0542,0011,
/Users/m/datasets/seamless_interaction/naturalistic/train/0005/0010/V00_S0221_I00000461_P0303.jpg,V00,S0221,I00000461,P0303,0005,
/Users/m/datasets/seamless_interaction/naturalistic/train/0016/0042/V00_S0584_I00000484_P0736.jpg,V00,S0584,I00000484,P0736,0016,
/Users/m/datasets/seamless_interaction/naturalistic/train/0014/0028/V00_S0507_I00000371_P0119.jpg,V00,S0507,I00000371,P0119,0014,
/Users/m/datasets/seamless_interaction/naturalistic/train/0018/0038/V00_S0630_I00000489_P0788.jpg,V00,S0630,I00000489,P0788,0018,
/Users/m/datasets/seamless_interaction/naturalistic/train/0006/0024/V00_S0278_I00000372_P0375.jpg,V00,S0278,I00000372,P0375,0006,
/Users/m/datasets/seamless_interaction/naturalistic/train/0020/0006/V00_S0707_I00000497_P0863.jpg,V00,S0707,I00000497,P0863,0020,
/Users/m/datasets/seamless_interaction/naturalistic/train/0015/0037/V00_S0561_I00000378_P0704.jpg,V00,S0561,I00000378,P0704,0015,
/Users/m/datasets/seamless_interaction/naturalistic/train/0014/0013/V00_S0530_I00000371_P0210.jpg,V00,S0530,I00000371,P0210,0014,
/Users/m/datasets/seamless_interaction/naturalistic/train/0004/0012/V00_S0183_I00000376_P0253.jpg,V00,S0183,I00000376,P0253,0004,
/Users/m/datasets/seamless_interaction/naturalistic/train/0018/0002/V00_S0621_I00000487_P0774.jpg,V00,S0621,I00000487,P0774,0018,
/Users/m/datasets/seamless_interaction/naturalistic/train/0012/0015/V00_S0458_I00000132_P0591.jpg,V00,S0458,I00000132,P0591,0012,
/Users/m/datasets/seamless_interaction/naturalistic/train/0012/0020/V00_S0470_I00000134_P0607.jpg,V00,S0470,I00000134,P0607,0012,
/Users/m/datasets/seamless_interaction/naturalistic/train/0007/0039/V00_S0306_I00000378_P0412.jpg,V00,S0306,I00000378,P0412,0007,
/Users/m/datasets/seamless_interaction/naturalistic/train/0003/0006/V00_S0157_I00000478_P0226.jpg,V00,S0157,I00000478,P0226,0003,
/Users/m/datasets/seamless_interaction/naturalistic/train/0017/0036/V00_S0598_I00000520_P0047.jpg,V00,S0598,I00000520,P0047,0017,
/Users/m/datasets/seamless_interaction/naturalistic/train/0009/0023/V00_S0358_I00000461_P0465.jpg,V00,S0358,I00000461,P0465,0009,
/Users/m/datasets/seamless_interaction/naturalistic/train/0018/0006/V00_S0623_I00000481_P0737.jpg,V00,S0623,I00000481,P0737,0018,
/Users/m/datasets/seamless_interaction/naturalistic/train/0018/0027/V00_S0634_I00000495_P0792.jpg,V00,S0634,I00000495,P0792,0018,
/Users/m/datasets/seamless_interaction/naturalistic/train/0019/0007/V00_S0667_I00000125_P0824.jpg,V00,S0667,I00000125,P0824,0019,
/Users/m/datasets/seamless_interaction/naturalistic/train/0005/0009/V00_S0245_I00000489_P0334.jpg,V00,S0245,I00000489,P0334,0005,
/Users/m/datasets/seamless_interaction/naturalistic/train/0020/0027/V00_S0727_I00000373_P0875.jpg,V00,S0727,I00000373,P0875,0020,
/Users/m/datasets/seamless_interaction/naturalistic/train/0001/0014/V00_S0098_I00000382_P0143.jpg,V00,S0098,I00000382,P0143,0001,
/Users/m/datasets/seamless_interaction/naturalistic/train/0004/0030/V00_S0188_I00000497_P0073.jpg,V00,S0188,I00000497,P0073,0004,
/Users/m/datasets/seamless_interaction/naturalistic/train/0018/0005/V00_S0638_I00000382_P0693.jpg,V00,S0638,I00000382,P0693,0018,
/Users/m/datasets/seamless_interaction/naturalistic/train/0018/0036/V00_S0626_I00000381_P0778.jpg,V00,S0626,I00000381,P0778,0018,
/Users/m/datasets/seamless_interaction/naturalistic/train/0010/0044/V00_S0396_I00000461_P0529.jpg,V00,S0396,I00000461,P0529,0010,
/Users/m/datasets/seamless_interaction/naturalistic/train/0005/0007/V00_S0246_I00000489_P0095.jpg,V00,S0246,I00000489,P0095,0005,
/Users/m/datasets/seamless_interaction/naturalistic/train/0020/0011/V00_S0725_I00000130_P0559.jpg,V00,S0725,I00000130,P0559,0020,
/Users/m/datasets/seamless_interaction/naturalistic/train/0008/0039/V00_S0325_I00000137_P0441.jpg,V00,S0325,I00000137,P0441,0008,
/Users/m/datasets/seamless_interaction/naturalistic/train/0014/0021/V00_S0509_I00000481_P0653.jpg,V00,S0509,I00000481,P0653,0014,
/Users/m/datasets/seamless_interaction/naturalistic/train/0012/0041/V00_S0470_I00000309_P0599.jpg,V00,S0470,I00000309,P0599,0012,
/Users/m/datasets/seamless_interaction/naturalistic/train/0015/0002/V00_S0543_I00000382_P0688.jpg,V00,S0543,I00000382,P0688,0015,
/Users/m/datasets/seamless_interaction/naturalistic/train/0018/0014/V00_S0632_I00000374_P0012A.jpg,V00,S0632,I00000374,P0012A,0018,
/Users/m/datasets/seamless_interaction/naturalistic/train/0016/0030/V00_S0578_I00000495_P0729.jpg,V00,S0578,I00000495,P0729,0016,
/Users/m/datasets/seamless_interaction/naturalistic/train/0016/0004/V00_S0574_I00000129_P0725.jpg,V00,S0574,I00000129,P0725,0016,
/Users/m/datasets/seamless_interaction/naturalistic/train/0009/0013/V00_S0352_I00000495_P0471.jpg,V00,S0352,I00000495,P0471,0009,
/Users/m/datasets/seamless_interaction/naturalistic/train/0002/0030/V00_S0121_I00000130_P0178.jpg,V00,S0121,I00000130,P0178,0002,
/Users/m/datasets/seamless_interaction/naturalistic/train/0020/0037/V00_S0732_I00000379_P0863.jpg,V00,S0732,I00000379,P0863,0020,
/Users/m/datasets/seamless_interaction/naturalistic/train/0016/0024/V00_S0582_I00000132_P0734.jpg,V00,S0582,I00000132,P0734,0016,
/Users/m/datasets/seamless_interaction/naturalistic/train/0019/0009/V00_S0653_I00000125_P0803.jpg,V00,S0653,I00000125,P0803,0019,
/Users/m/datasets/seamless_interaction/naturalistic/train/0009/0012/V00_S0357_I00000132_P0480.jpg,V00,S0357,I00000132,P0480,0009,
/Users/m/datasets/seamless_interaction/naturalistic/train/0012/0031/V00_S0469_I00000128_P0440.jpg,V00,S0469,I00000128,P0440,0012,
/Users/m/datasets/seamless_interaction/naturalistic/train/0000/0010/V00_S0048_I00000386_P0074.jpg,V00,S0048,I00000386,P0074,0000,
/Users/m/datasets/seamless_interaction/naturalistic/train/0018/0011/V00_S0632_I00000376_P0789.jpg,V00,S0632,I00000376,P0789,0018,
/Users/m/datasets/seamless_interaction/naturalistic/train/0009/0010/V00_S0379_I00000307_P0307.jpg,V00,S0379,I00000307,P0307,0009,
/Users/m/datasets/seamless_interaction/naturalistic/train/0008/0017/V00_S0320_I00000313_P0434.jpg,V00,S0320,I00000313,P0434,0008,
/Users/m/datasets/seamless_interaction/naturalistic/train/0014/0027/V00_S0531_I00000129_P0239.jpg,V00,S0531,I00000129,P0239,0014,
/Users/m/datasets/seamless_interaction/naturalistic/train/0018/0032/V00_S0631_I00000483_P0678.jpg,V00,S0631,I00000483,P0678,0018,
/Users/m/datasets/seamless_interaction/naturalistic/train/0020/0017/V00_S0701_I00000514_P0857.jpg,V00,S0701,I00000514,P0857,0020,
/Users/m/datasets/seamless_interaction/naturalistic/train/0003/0002/V00_S0150_I00000514_P0212.jpg,V00,S0150,I00000514,P0212,0003,
/Users/m/datasets/seamless_interaction/naturalistic/train/0018/0036/V00_S0626_I00000375_P0094.jpg,V00,S0626,I00000375,P0094,0018,
/Users/m/datasets/seamless_interaction/naturalistic/train/0013/0002/V00_S0497_I00000137_P0079.jpg,V00,S0497,I00000137,P0079,0013,
/Users/m/datasets/seamless_interaction/naturalistic/train/0011/0038/V00_S0422_I00000313_P0556.jpg,V00,S0422,I00000313,P0556,0011,
/Users/m/datasets/seamless_interaction/naturalistic/train/0003/0010/V00_S0151_I00000495_P0214.jpg,V00,S0151,I00000495,P0214,0003,
/Users/m/datasets/seamless_interaction/naturalistic/train/0019/0017/V00_S0656_I00000371_P0814.jpg,V00,S0656,I00000371,P0814,0019,
/Users/m/datasets/seamless_interaction/naturalistic/train/0006/0003/V00_S0277_I00000140_P0374.jpg,V00,S0277,I00000140,P0374,0006,
/Users/m/datasets/seamless_interaction/naturalistic/train/0012/0041/V00_S0446_I00000135_P0585.jpg,V00,S0446,I00000135,P0585,0012,
/Users/m/datasets/seamless_interaction/naturalistic/train/0000/0026/V00_S0064_I00000373_P0095.jpg,V00,S0064,I00000373,P0095,0000,
/Users/m/datasets/seamless_interaction/naturalistic/train/0019/0023/V00_S0658_I00000520_P0138.jpg,V00,S0658,I00000520,P0138,0019,
/Users/m/datasets/seamless_interaction/naturalistic/train/0005/0027/V00_S0247_I00000383_P0336.jpg,V00,S0247,I00000383,P0336,0005,
/Users/m/datasets/seamless_interaction/naturalistic/train/0002/0007/V00_S0119_I00000495_P0175.jpg,V00,S0119,I00000495,P0175,0002,
/Users/m/datasets/seamless_interaction/naturalistic/train/0013/0029/V00_S0498_I00000520_P0636.jpg,V00,S0498,I00000520,P0636,0013,
/Users/m/datasets/seamless_interaction/naturalistic/train/0017/0033/V00_S0597_I00000484_P0755.jpg,V00,S0597,I00000484,P0755,0017,
/Users/m/datasets/seamless_interaction/naturalistic/train/0020/0005/V00_S0708_I00000515_P0864.jpg,V00,S0708,I00000515,P0864,0020,
/Users/m/datasets/seamless_interaction/naturalistic/train/0019/0039/V00_S0690_I00000502_P0839.jpg,V00,S0690,I00000502,P0839,0019,
/Users/m/datasets/seamless_interaction/naturalistic/train/0003/0022/V00_S0147_I00000372_P0070.jpg,V00,S0147,I00000372,P0070,0003,
/Users/m/datasets/seamless_interaction/naturalistic/train/0015/0004/V00_S0539_I00000309_P0685.jpg,V00,S0539,I00000309,P0685,0015,
/Users/m/datasets/seamless_interaction/naturalistic/train/0005/0013/V00_S0219_I00000373_P0299.jpg,V00,S0219,I00000373,P0299,0005,
/Users/m/datasets/seamless_interaction/naturalistic/train/0002/0031/V00_S0114_I00000379_P0165.jpg,V00,S0114,I00000379,P0165,0002,
/Users/m/datasets/seamless_interaction/naturalistic/train/0015/0018/V00_S0564_I00000514_P0703.jpg,V00,S0564,I00000514,P0703,0015,
/Users/m/datasets/seamless_interaction/naturalistic/train/0020/0014/V00_S0704_I00000135_P0576.jpg,V00,S0704,I00000135,P0576,0020,
/Users/m/datasets/seamless_interaction/naturalistic/train/0001/0022/V00_S0101_I00000135_P0148.jpg,V00,S0101,I00000135,P0148,0001,
/Users/m/datasets/seamless_interaction/naturalistic/train/0012/0025/V00_S0451_I00000138_P0586.jpg,V00,S0451,I00000138,P0586,0012,
/Users/m/datasets/seamless_interaction/naturalistic/train/0012/0039/V00_S0468_I00000377_P0603.jpg,V00,S0468,I00000377,P0603,0012,
/Users/m/datasets/seamless_interaction/naturalistic/train/0006/0008/V00_S0250_I00000135_P0342.jpg,V00,S0250,I00000135,P0342,0006,
/Users/m/datasets/seamless_interaction/naturalistic/train/0018/0015/V00_S0637_I00000126_P0796.jpg,V00,S0637,I00000126,P0796,0018,
/Users/m/datasets/seamless_interaction/naturalistic/train/0017/0030/V00_S0596_I00000488_P0753.jpg,V00,S0596,I00000488,P0753,0017,
/Users/m/datasets/seamless_interaction/naturalistic/train/0013/0039/V00_S0494_I00000481_P0632.jpg,V00,S0494,I00000481,P0632,0013,
/Users/m/datasets/seamless_interaction/naturalistic/train/0011/0003/V00_S0421_I00000486_P0554.jpg,V00,S0421,I00000486,P0554,0011,
/Users/m/datasets/seamless_interaction/naturalistic/train/0007/0035/V00_S0286_I00000497_P0124.jpg,V00,S0286,I00000497,P0124,0007,
/Users/m/datasets/seamless_interaction/naturalistic/train/0008/0039/V00_S0341_I00000495_P0348.jpg,V00,S0341,I00000495,P0348,0008,
/Users/m/datasets/seamless_interaction/naturalistic/train/0012/0009/V00_S0460_I00000503_P0589.jpg,V00,S0460,I00000503,P0589,0012,
/Users/m/datasets/seamless_interaction/naturalistic/train/0001/0009/V00_S0066_I00000309_P0099.jpg,V00,S0066,I00000309,P0099,0001,
/Users/m/datasets/seamless_interaction/naturalistic/train/0013/0001/V00_S0485_I00000134_P0619.jpg,V00,S0485,I00000134,P0619,0013,
/Users/m/datasets/seamless_interaction/naturalistic/train/0017/0031/V00_S0617_I00000125_P0769.jpg,V00,S0617,I00000125,P0769,0017,
/Users/m/datasets/seamless_interaction/naturalistic/train/0017/0034/V00_S0591_I00000376_P0747.jpg,V00,S0591,I00000376,P0747,0017,
/Users/m/datasets/seamless_interaction/naturalistic/train/0010/0017/V00_S0396_I00000309_P0530.jpg,V00,S0396,I00000309,P0530,0010,
/Users/m/datasets/seamless_interaction/naturalistic/train/0017/0025/V00_S0619_I00000386_P0770.jpg,V00,S0619,I00000386,P0770,0017,
/Users/m/datasets/seamless_interaction/naturalistic/train/0012/0036/V00_S0463_I00000307_P0281.jpg,V00,S0463,I00000307,P0281,0012,
/Users/m/datasets/seamless_interaction/naturalistic/train/0018/0033/V00_S0622_I00000125_P0252.jpg,V00,S0622,I00000125,P0252,0018,
/Users/m/datasets/seamless_interaction/naturalistic/train/0012/0030/V00_S0472_I00000377_P0337.jpg,V00,S0472,I00000377,P0337,0012,
/Users/m/datasets/seamless_interaction/naturalistic/train/0015/0015/V00_S0568_I00000383_P0713.jpg,V00,S0568,I00000383,P0713,0015,
/Users/m/datasets/seamless_interaction/naturalistic/train/0013/0009/V00_S0493_I00000127_P0239.jpg,V00,S0493,I00000127,P0239,0013,
/Users/m/datasets/seamless_interaction/naturalistic/train/0007/0031/V00_S0301_I00000129_P0405.jpg,V00,S0301,I00000129,P0405,0007,
/Users/m/datasets/seamless_interaction/naturalistic/train/0014/0033/V00_S0519_I00000486_P0661.jpg,V00,S0519,I00000486,P0661,0014,
/Users/m/datasets/seamless_interaction/naturalistic/train/0004/0028/V00_S0182_I00000128_P0071.jpg,V00,S0182,I00000128,P0071,0004,
/Users/m/datasets/seamless_interaction/naturalistic/train/0001/0025/V00_S0084_I00000514_P0123.jpg,V00,S0084,I00000514,P0123,0001,
/Users/m/datasets/seamless_interaction/naturalistic/train/0002/0015/V00_S0120_I00000138_P0176.jpg,V00,S0120,I00000138,P0176,0002,
/Users/m/datasets/seamless_interaction/naturalistic/train/0003/0012/V00_S0151_I00000510_P0215.jpg,V00,S0151,I00000510,P0215,0003,
/Users/m/datasets/seamless_interaction/naturalistic/train/0000/0031/V00_S0046_I00000129_P0070.jpg,V00,S0046,I00000129,P0070,0000,
/Users/m/datasets/seamless_interaction/naturalistic/train/0007/0035/V00_S0291_I00000374_P0395.jpg,V00,S0291,I00000374,P0395,0007,
/Users/m/datasets/seamless_interaction/naturalistic/train/0011/0032/V00_S0421_I00000514_P0555.jpg,V00,S0421,I00000514,P0555,0011,
/Users/m/datasets/seamless_interaction/naturalistic/train/0011/0015/V00_S0419_I00000483_P0552.jpg,V00,S0419,I00000483,P0552,0011,
/Users/m/datasets/seamless_interaction/naturalistic/train/0009/0044/V00_S0361_I00000135_P0377.jpg,V00,S0361,I00000135,P0377,0009,
/Users/m/datasets/seamless_interaction/naturalistic/train/0020/0022/V00_S0708_I00000481_P0866.jpg,V00,S0708,I00000481,P0866,0020,
/Users/m/datasets/seamless_interaction/naturalistic/train/0018/0009/V00_S0639_I00000373_P0728.jpg,V00,S0639,I00000373,P0728,0018,
/Users/m/datasets/seamless_interaction/naturalistic/train/0010/0006/V00_S0398_I00000375_P0013.jpg,V00,S0398,I00000375,P0013,0010,
/Users/m/datasets/seamless_interaction/naturalistic/train/0016/0019/V00_S0579_I00000384_P0718.jpg,V00,S0579,I00000384,P0718,0016,
/Users/m/datasets/seamless_interaction/naturalistic/train/0014/0034/V00_S0508_I00000478_P0650.jpg,V00,S0508,I00000478,P0650,0014,
/Users/m/datasets/seamless_interaction/naturalistic/train/0017/0007/V00_S0600_I00000135_P0557.jpg,V00,S0600,I00000135,P0557,0017,
/Users/m/datasets/seamless_interaction/naturalistic/train/0018/0021/V00_S0635_I00000125_P0634.jpg,V00,S0635,I00000125,P0634,0018,
/Users/m/datasets/seamless_interaction/naturalistic/train/0005/0009/V00_S0218_I00000520_P0297.jpg,V00,S0218,I00000520,P0297,0005,
/Users/m/datasets/seamless_interaction/naturalistic/train/0015/0019/V00_S0562_I00000461_P0706.jpg,V00,S0562,I00000461,P0706,0015,
/Users/m/datasets/seamless_interaction/naturalistic/train/0006/0016/V00_S0256_I00000376_P0079.jpg,V00,S0256,I00000376,P0079,0006,
/Users/m/datasets/seamless_interaction/naturalistic/train/0020/0013/V00_S0732_I00000374_P0047.jpg,V00,S0732,I00000374,P0047,0020,
/Users/m/datasets/seamless_interaction/naturalistic/train/0012/0021/V00_S0459_I00000381_P0592.jpg,V00,S0459,I00000381,P0592,0012,
/Users/m/datasets/seamless_interaction/naturalistic/train/0007/0011/V00_S0310_I00000378_P0417.jpg,V00,S0310,I00000378,P0417,0007,
/Users/m/datasets/seamless_interaction/naturalistic/train/0013/0035/V00_S0493_I00000130_P0628.jpg,V00,S0493,I00000130,P0628,0013,
/Users/m/datasets/seamless_interaction/naturalistic/train/0020/0005/V00_S0707_I00000309_P0862.jpg,V00,S0707,I00000309,P0862,0020,
/Users/m/datasets/seamless_interaction/naturalistic/train/0010/0042/V00_S0380_I00000482_P0504.jpg,V00,S0380,I00000482,P0504,0010,
/Users/m/datasets/seamless_interaction/naturalistic/train/0004/0030/V00_S0184_I00000486_P0254.jpg,V00,S0184,I00000486,P0254,0004,
/Users/m/datasets/seamless_interaction/naturalistic/train/0016/0008/V00_S0579_I00000504_P0730.jpg,V00,S0579,I00000504,P0730,0016,
/Users/m/datasets/seamless_interaction/naturalistic/train/0011/0019/V00_S0415_I00000384_P0544.jpg,V00,S0415,I00000384,P0544,0011,
/Users/m/datasets/seamless_interaction/naturalistic/train/0006/0009/V00_S0256_I00000382_P0352.jpg,V00,S0256,I00000382,P0352,0006,
/Users/m/datasets/seamless_interaction/naturalistic/train/0006/0037/V00_S0253_I00000138_P0193.jpg,V00,S0253,I00000138,P0193,0006,
/Users/m/datasets/seamless_interaction/naturalistic/train/0017/0036/V00_S0592_I00000381_P0749.jpg,V00,S0592,I00000381,P0749,0017,
/Users/m/datasets/seamless_interaction/naturalistic/train/0019/0044/V00_S0654_I00000309_P0806.jpg,V00,S0654,I00000309,P0806,0019,
/Users/m/datasets/seamless_interaction/naturalistic/train/0015/0011/V00_S0561_I00000371_P0512.jpg,V00,S0561,I00000371,P0512,0015,
/Users/m/datasets/seamless_interaction/naturalistic/train/0000/0004/V00_S0048_I00000379_P0073.jpg,V00,S0048,I00000379,P0073,0000,
/Users/m/datasets/seamless_interaction/naturalistic/train/0011/0001/V00_S0427_I00000488_P0210.jpg,V00,S0427,I00000488,P0210,0011,
/Users/m/datasets/seamless_interaction/naturalistic/train/0020/0042/V00_S0698_I00000487_P0848.jpg,V00,S0698,I00000487,P0848,0020,
/Users/m/datasets/seamless_interaction/naturalistic/train/0007/0040/V00_S0288_I00000499_P0390.jpg,V00,S0288,I00000499,P0390,0007,
/Users/m/datasets/seamless_interaction/naturalistic/train/0002/0026/V00_S0115_I00000374_P0168.jpg,V00,S0115,I00000374,P0168,0002,
/Users/m/datasets/seamless_interaction/naturalistic/train/0008/0016/V00_S0327_I00000377_P0383.jpg,V00,S0327,I00000377,P0383,0008,
/Users/m/datasets/seamless_interaction/naturalistic/train/0002/0009/V00_S0117_I00000379_P0171.jpg,V00,S0117,I00000379,P0171,0002,
/Users/m/datasets/seamless_interaction/naturalistic/train/0002/0032/V00_S0124_I00000377_P0184.jpg,V00,S0124,I00000377,P0184,0002,
/Users/m/datasets/seamless_interaction/naturalistic/train/0010/0041/V00_S0390_I00000138_P0518.jpg,V00,S0390,I00000138,P0518,0010,
/Users/m/datasets/seamless_interaction/naturalistic/train/0015/0038/V00_S0539_I00000128_P0684.jpg,V00,S0539,I00000128,P0684,0015,
/Users/m/datasets/seamless_interaction/naturalistic/train/0014/0000/V00_S0509_I00000515_P0652.jpg,V00,S0509,I00000515,P0652,0014,
/Users/m/datasets/seamless_interaction/naturalistic/train/0014/0003/V00_S0508_I00000477_P0651.jpg,V00,S0508,I00000477,P0651,0014,
/Users/m/datasets/seamless_interaction/naturalistic/train/0006/0029/V00_S0281_I00000126_P0378.jpg,V00,S0281,I00000126,P0378,0006,
/Users/m/datasets/seamless_interaction/naturalistic/train/0002/0016/V00_S0143_I00000489_P0205.jpg,V00,S0143,I00000489,P0205,0002,
/Users/m/datasets/seamless_interaction/naturalistic/train/0000/0015/V00_S0053_I00000387_P0083.jpg,V00,S0053,I00000387,P0083,0000,
/Users/m/datasets/seamless_interaction/naturalistic/train/0016/0017/V00_S0573_I00000461_P0723.jpg,V00,S0573,I00000461,P0723,0016,
/Users/m/datasets/seamless_interaction/naturalistic/train/0003/0039/V00_S0153_I00000371_P0218.jpg,V00,S0153,I00000371,P0218,0003,
/Users/m/datasets/seamless_interaction/naturalistic/train/0012/0018/V00_S0468_I00000374_P0604.jpg,V00,S0468,I00000374,P0604,0012,
/Users/m/datasets/seamless_interaction/naturalistic/train/0003/0037/V00_S0157_I00000514_P0227.jpg,V00,S0157,I00000514,P0227,0003,
/Users/m/datasets/seamless_interaction/naturalistic/train/0015/0014/V00_S0534_I00000478_P0073.jpg,V00,S0534,I00000478,P0073,0015,
/Users/m/datasets/seamless_interaction/naturalistic/train/0005/0028/V00_S0243_I00000495_P0330.jpg,V00,S0243,I00000495,P0330,0005,
/Users/m/datasets/seamless_interaction/naturalistic/train/0001/0019/V00_S0065_I00000134_P0098.jpg,V00,S0065,I00000134,P0098,0001,
/Users/m/datasets/seamless_interaction/naturalistic/train/0017/0004/V00_S0616_I00000462_P0558.jpg,V00,S0616,I00000462,P0558,0017,
/Users/m/datasets/seamless_interaction/naturalistic/train/0020/0032/V00_S0724_I00000378_P0871.jpg,V00,S0724,I00000378,P0871,0020,
/Users/m/datasets/seamless_interaction/naturalistic/train/0013/0012/V00_S0489_I00000379_P0624.jpg,V00,S0489,I00000379,P0624,0013,
/Users/m/datasets/seamless_interaction/naturalistic/train/0001/0005/V00_S0100_I00000462_P0146.jpg,V00,S0100,I00000462,P0146,0001,
/Users/m/datasets/seamless_interaction/naturalistic/train/0007/0015/V00_S0316_I00000313_P0427.jpg,V00,S0316,I00000313,P0427,0007,
/Users/m/datasets/seamless_interaction/naturalistic/train/0015/0020/V00_S0552_I00000385_P0519.jpg,V00,S0552,I00000385,P0519,0015,
/Users/m/datasets/seamless_interaction/naturalistic/train/0014/0027/V00_S0506_I00000385_P0647.jpg,V00,S0506,I00000385,P0647,0014,
/Users/m/datasets/seamless_interaction/naturalistic/train/0011/0019/V00_S0445_I00000477_P0583.jpg,V00,S0445,I00000477,P0583,0011,
/Users/m/datasets/seamless_interaction/naturalistic/train/0012/0023/V00_S0467_I00000309_P0606.jpg,V00,S0467,I00000309,P0606,0012,
/Users/m/datasets/seamless_interaction/naturalistic/train/0020/0006/V00_S0726_I00000132_P0582.jpg,V00,S0726,I00000132,P0582,0020,
/Users/m/datasets/seamless_interaction/naturalistic/train/0005/0010/V00_S0225_I00000479_P0310.jpg,V00,S0225,I00000479,P0310,0005,
/Users/m/datasets/seamless_interaction/naturalistic/train/0002/0028/V00_S0117_I00000379_P0172.jpg,V00,S0117,I00000379,P0172,0002,
/Users/m/datasets/seamless_interaction/naturalistic/train/0015/0019/V00_S0568_I00000374_P0012.jpg,V00,S0568,I00000374,P0012,0015,
/Users/m/datasets/seamless_interaction/naturalistic/train/0004/0015/V00_S0209_I00000384_P0101.jpg,V00,S0209,I00000384,P0101,0004,
/Users/m/datasets/seamless_interaction/naturalistic/train/0019/0030/V00_S0657_I00000503_P0816.jpg,V00,S0657,I00000503,P0816,0019,
/Users/m/datasets/seamless_interaction/naturalistic/train/0015/0031/V00_S0535_I00000482_P0055.jpg,V00,S0535,I00000482,P0055,0015,
/Users/m/datasets/seamless_interaction/naturalistic/train/0004/0016/V00_S0183_I00000376_P0252.jpg,V00,S0183,I00000376,P0252,0004,
/Users/m/datasets/seamless_interaction/naturalistic/train/0011/0004/V00_S0446_I00000125_P0489.jpg,V00,S0446,I00000125,P0489,0011,
/Users/m/datasets/seamless_interaction/naturalistic/train/0001/0033/V00_S0099_I00000135_P0144.jpg,V00,S0099,I00000135,P0144,0001,
/Users/m/datasets/seamless_interaction/naturalistic/train/0014/0004/V00_S0527_I00000514_P0673.jpg,V00,S0527,I00000514,P0673,0014,
/Users/m/datasets/seamless_interaction/naturalistic/train/0002/0009/V00_S0120_I00000126_P0069.jpg,V00,S0120,I00000126,P0069,0002,
/Users/m/datasets/seamless_interaction/naturalistic/train/0007/0026/V00_S0288_I00000135_P0391.jpg,V00,S0288,I00000135,P0391,0007,
/Users/m/datasets/seamless_interaction/naturalistic/train/0004/0032/V00_S0187_I00000477_P0076.jpg,V00,S0187,I00000477,P0076,0004,
/Users/m/datasets/seamless_interaction/naturalistic/train/0012/0010/V00_S0472_I00000374_P0161.jpg,V00,S0472,I00000374,P0161,0012,
/Users/m/datasets/seamless_interaction/naturalistic/train/0014/0038/V00_S0531_I00000126_P0678.jpg,V00,S0531,I00000126,P0678,0014,
/Users/m/datasets/seamless_interaction/naturalistic/train/0013/0015/V00_S0479_I00000503_P0617.jpg,V00,S0479,I00000503,P0617,0013,
/Users/m/datasets/seamless_interaction/naturalistic/train/0001/0023/V00_S0094_I00000497_P0073.jpg,V00,S0094,I00000497,P0073,0001,
/Users/m/datasets/seamless_interaction/naturalistic/train/0016/0023/V00_S0570_I00000482_P0716.jpg,V00,S0570,I00000482,P0716,0016,
/Users/m/datasets/seamless_interaction/naturalistic/train/0014/0005/V00_S0525_I00000376_P0252.jpg,V00,S0525,I00000376,P0252,0014,
/Users/m/datasets/seamless_interaction/naturalistic/train/0013/0018/V00_S0499_I00000376_P0637.jpg,V00,S0499,I00000376,P0637,0013,
/Users/m/datasets/seamless_interaction/naturalistic/train/0004/0033/V00_S0186_I00000484_P0042.jpg,V00,S0186,I00000484,P0042,0004,
/Users/m/datasets/seamless_interaction/naturalistic/train/0002/0037/V00_S0142_I00000477_P0042.jpg,V00,S0142,I00000477,P0042,0002,
/Users/m/datasets/seamless_interaction/naturalistic/train/0011/0041/V00_S0441_I00000372_P0579.jpg,V00,S0441,I00000372,P0579,0011,
/Users/m/datasets/seamless_interaction/naturalistic/train/0009/0016/V00_S0353_I00000484_P0474.jpg,V00,S0353,I00000484,P0474,0009,
/Users/m/datasets/seamless_interaction/naturalistic/train/0002/0027/V00_S0139_I00000381_P0200.jpg,V00,S0139,I00000381,P0200,0002,
/Users/m/datasets/seamless_interaction/naturalistic/train/0012/0020/V00_S0461_I00000374_P0457.jpg,V00,S0461,I00000374,P0457,0012,
/Users/m/datasets/seamless_interaction/naturalistic/train/0002/0022/V00_S0111_I00000520_P0160.jpg,V00,S0111,I00000520,P0160,0002,
/Users/m/datasets/seamless_interaction/naturalistic/train/0000/0009/V00_S0034_I00000503_P0054.jpg,V00,S0034,I00000503,P0054,0000,
/Users/m/datasets/seamless_interaction/naturalistic/train/0003/0020/V00_S0175_I00000139_P0250.jpg,V00,S0175,I00000139,P0250,0003,
/Users/m/datasets/seamless_interaction/naturalistic/train/0009/0033/V00_S0361_I00000309_P0298.jpg,V00,S0361,I00000309,P0298,0009,
/Users/m/datasets/seamless_interaction/naturalistic/train/0011/0016/V00_S0429_I00000382_P0563.jpg,V00,S0429,I00000382,P0563,0011,
/Users/m/datasets/seamless_interaction/naturalistic/train/0019/0028/V00_S0662_I00000495_P0565.jpg,V00,S0662,I00000495,P0565,0019,
/Users/m/datasets/seamless_interaction/naturalistic/train/0000/0020/V00_S0052_I00000504_P0081.jpg,V00,S0052,I00000504,P0081,0000,
/Users/m/datasets/seamless_interaction/naturalistic/train/0013/0000/V00_S0504_I00000477_P0572.jpg,V00,S0504,I00000477,P0572,0013,
/Users/m/datasets/seamless_interaction/naturalistic/train/0014/0039/V00_S0523_I00000482_P0666.jpg,V00,S0523,I00000482,P0666,0014,
/Users/m/datasets/seamless_interaction/naturalistic/train/0009/0044/V00_S0349_I00000381_P0139.jpg,V00,S0349,I00000381,P0139,0009,
/Users/m/datasets/seamless_interaction/naturalistic/train/0010/0008/V00_S0381_I00000376_P0503.jpg,V00,S0381,I00000376,P0503,0010,
/Users/m/datasets/seamless_interaction/naturalistic/train/0016/0026/V00_S0588_I00000477_P0721.jpg,V00,S0588,I00000477,P0721,0016,
/Users/m/datasets/seamless_interaction/naturalistic/train/0014/0026/V00_S0530_I00000135_P0677.jpg,V00,S0530,I00000135,P0677,0014,
/Users/m/datasets/seamless_interaction/naturalistic/train/0010/0011/V00_S0382_I00000515_P0120.jpg,V00,S0382,I00000515,P0120,0010,
/Users/m/datasets/seamless_interaction/naturalistic/train/0017/0014/V00_S0591_I00000384_P0746.jpg,V00,S0591,I00000384,P0746,0017,
/Users/m/datasets/seamless_interaction/naturalistic/train/0018/0031/V00_S0633_I00000372_P0790.jpg,V00,S0633,I00000372,P0790,0018,
/Users/m/datasets/seamless_interaction/naturalistic/train/0005/0010/V00_S0215_I00000514_P0292.jpg,V00,S0215,I00000514,P0292,0005,
/Users/m/datasets/seamless_interaction/naturalistic/train/0003/0003/V00_S0156_I00000135_P0224.jpg,V00,S0156,I00000135,P0224,0003,
/Users/m/datasets/seamless_interaction/naturalistic/train/0010/0041/V00_S0385_I00000376_P0119.jpg,V00,S0385,I00000376,P0119,0010,
/Users/m/datasets/seamless_interaction/naturalistic/train/0007/0024/V00_S0301_I00000125_P0406.jpg,V00,S0301,I00000125,P0406,0007,
/Users/m/datasets/seamless_interaction/naturalistic/train/0000/0005/V00_S0051_I00000307_P0047.jpg,V00,S0051,I00000307,P0047,0000,
/Users/m/datasets/seamless_interaction/naturalistic/train/0002/0034/V00_S0111_I00000478_P0161.jpg,V00,S0111,I00000478,P0161,0002,
/Users/m/datasets/seamless_interaction/naturalistic/train/0010/0035/V00_S0380_I00000482_P0307.jpg,V00,S0380,I00000482,P0307,0010,
/Users/m/datasets/seamless_interaction/naturalistic/train/0007/0009/V00_S0313_I00000497_P0145.jpg,V00,S0313,I00000497,P0145,0007,
/Users/m/datasets/seamless_interaction/naturalistic/train/0016/0038/V00_S0575_I00000137_P0506.jpg,V00,S0575,I00000137,P0506,0016,
/Users/m/datasets/seamless_interaction/naturalistic/train/0011/0025/V00_S0427_I00000478_P0560.jpg,V00,S0427,I00000478,P0560,0011,
/Users/m/datasets/seamless_interaction/naturalistic/train/0005/0026/V00_S0214_I00000462_P0289.jpg,V00,S0214,I00000462,P0289,0005,
/Users/m/datasets/seamless_interaction/naturalistic/train/0001/0040/V00_S0097_I00000128_P0140.jpg,V00,S0097,I00000128,P0140,0001,
/Users/m/datasets/seamless_interaction/naturalistic/train/0017/0026/V00_S0595_I00000372_P0751.jpg,V00,S0595,I00000372,P0751,0017,
/Users/m/datasets/seamless_interaction/naturalistic/train/0020/0002/V00_S0699_I00000482_P0849.jpg,V00,S0699,I00000482,P0849,0020,
/Users/m/datasets/seamless_interaction/naturalistic/train/0010/0018/V00_S0382_I00000515_P0505.jpg,V00,S0382,I00000515,P0505,0010,
/Users/m/datasets/seamless_interaction/naturalistic/train/0016/0029/V00_S0583_I00000497_P0735.jpg,V00,S0583,I00000497,P0735,0016,
/Users/m/datasets/seamless_interaction/naturalistic/train/0006/0023/V00_S0251_I00000134_P0344.jpg,V00,S0251,I00000134,P0344,0006,
/Users/m/datasets/seamless_interaction/naturalistic/train/0010/0002/V00_S0386_I00000486_P0124.jpg,V00,S0386,I00000486,P0124,0010,
/Users/m/datasets/seamless_interaction/naturalistic/train/0011/0012/V00_S0445_I00000481_P0584.jpg,V00,S0445,I00000481,P0584,0011,
/Users/m/datasets/seamless_interaction/naturalistic/train/0011/0019/V00_S0398_I00000383_P0528.jpg,V00,S0398,I00000383,P0528,0011,
/Users/m/datasets/seamless_interaction/naturalistic/train/0003/0033/V00_S0153_I00000135_P0219.jpg,V00,S0153,I00000135,P0219,0003,
/Users/m/datasets/seamless_interaction/naturalistic/train/0007/0024/V00_S0311_I00000372_P0418.jpg,V00,S0311,I00000372,P0418,0007,
/Users/m/datasets/seamless_interaction/naturalistic/train/0003/0035/V00_S0178_I00000125_P0244.jpg,V00,S0178,I00000125,P0244,0003,
/Users/m/datasets/seamless_interaction/naturalistic/train/0017/0020/V00_S0620_I00000484_P0773.jpg,V00,S0620,I00000484,P0773,0017,
/Users/m/datasets/seamless_interaction/naturalistic/train/0003/0016/V00_S0174_I00000385_P0042.jpg,V00,S0174,I00000385,P0042,0003,
/Users/m/datasets/seamless_interaction/naturalistic/train/0017/0014/V00_S0592_I00000375_P0748.jpg,V00,S0592,I00000375,P0748,0017,
/Users/m/datasets/seamless_interaction/naturalistic/train/0016/0001/V00_S0572_I00000131_P0720.jpg,V00,S0572,I00000131,P0720,0016,
/Users/m/datasets/seamless_interaction/naturalistic/train/0008/0026/V00_S0319_I00000373_P0431.jpg,V00,S0319,I00000373,P0431,0008,
/Users/m/datasets/seamless_interaction/naturalistic/train/0018/0029/V00_S0631_I00000482_P0787.jpg,V00,S0631,I00000482,P0787,0018,
/Users/m/datasets/seamless_interaction/naturalistic/train/0006/0014/V00_S0275_I00000139_P0373.jpg,V00,S0275,I00000139,P0373,0006,
/Users/m/datasets/seamless_interaction/naturalistic/train/0008/0042/V00_S0344_I00000484_P0460.jpg,V00,S0344,I00000484,P0460,0008,
/Users/m/datasets/seamless_interaction/naturalistic/train/0004/0028/V00_S0180_I00000495_P0047.jpg,V00,S0180,I00000495,P0047,0004,
/Users/m/datasets/seamless_interaction/naturalistic/train/0003/0019/V00_S0175_I00000125_P0008.jpg,V00,S0175,I00000125,P0008,0003,
/Users/m/datasets/seamless_interaction/naturalistic/train/0007/0028/V00_S0317_I00000483_P0428.jpg,V00,S0317,I00000483,P0428,0007,
/Users/m/datasets/seamless_interaction/naturalistic/train/0008/0035/V00_S0320_I00000462_P0432.jpg,V00,S0320,I00000462,P0432,0008,
/Users/m/datasets/seamless_interaction/naturalistic/train/0019/0040/V00_S0652_I00000134_P0809.jpg,V00,S0652,I00000134,P0809,0019,
/Users/m/datasets/seamless_interaction/naturalistic/train/0014/0017/V00_S0523_I00000135_P0667.jpg,V00,S0523,I00000135,P0667,0014,
/Users/m/datasets/seamless_interaction/naturalistic/train/0006/0029/V00_S0252_I00000135_P0347.jpg,V00,S0252,I00000135,P0347,0006,
/Users/m/datasets/seamless_interaction/naturalistic/train/0014/0017/V00_S0505_I00000376_P0122.jpg,V00,S0505,I00000376,P0122,0014,
/Users/m/datasets/seamless_interaction/naturalistic/train/0011/0022/V00_S0419_I00000482_P0377.jpg,V00,S0419,I00000482,P0377,0011,
/Users/m/datasets/seamless_interaction/naturalistic/train/0016/0003/V00_S0577_I00000371_P0069.jpg,V00,S0577,I00000371,P0069,0016,
/Users/m/datasets/seamless_interaction/naturalistic/train/0017/0029/V00_S0599_I00000383_P0757.jpg,V00,S0599,I00000383,P0757,0017,
/Users/m/datasets/seamless_interaction/naturalistic/train/0019/0008/V00_S0657_I00000384_P0815.jpg,V00,S0657,I00000384,P0815,0019,
/Users/m/datasets/seamless_interaction/naturalistic/train/0001/0020/V00_S0067_I00000135_P0101.jpg,V00,S0067,I00000135,P0101,0001,
/Users/m/datasets/seamless_interaction/naturalistic/train/0002/0030/V00_S0112_I00000487_P0162.jpg,V00,S0112,I00000487,P0162,0002,
/Users/m/datasets/seamless_interaction/naturalistic/train/0016/0036/V00_S0574_I00000461_P0724.jpg,V00,S0574,I00000461,P0724,0016,
/Users/m/datasets/seamless_interaction/naturalistic/train/0015/0011/V00_S0565_I00000478_P0205.jpg,V00,S0565,I00000478,P0205,0015,
/Users/m/datasets/seamless_interaction/naturalistic/train/0008/0038/V00_S0342_I00000478_P0456.jpg,V00,S0342,I00000478,P0456,0008,
/Users/m/datasets/seamless_interaction/naturalistic/train/0017/0001/V00_S0593_I00000376_P0119.jpg,V00,S0593,I00000376,P0119,0017,
/Users/m/datasets/seamless_interaction/naturalistic/train/0003/0015/V00_S0148_I00000134_P0210.jpg,V00,S0148,I00000134,P0210,0003,
/Users/m/datasets/seamless_interaction/naturalistic/train/0012/0021/V00_S0466_I00000486_P0605.jpg,V00,S0466,I00000486,P0605,0012,
/Users/m/datasets/seamless_interaction/naturalistic/train/0004/0023/V00_S0213_I00000478_P0281.jpg,V00,S0213,I00000478,P0281,0004,
/Users/m/datasets/seamless_interaction/naturalistic/train/0009/0031/V00_S0353_I00000478_P0473.jpg,V00,S0353,I00000478,P0473,0009,
/Users/m/datasets/seamless_interaction/naturalistic/train/0020/0040/V00_S0734_I00000128_P0543.jpg,V00,S0734,I00000128,P0543,0020,
/Users/m/datasets/seamless_interaction/naturalistic/train/0012/0022/V00_S0461_I00000135_P0139.jpg,V00,S0461,I00000135,P0139,0012,
/Users/m/datasets/seamless_interaction/naturalistic/train/0007/0003/V00_S0289_I00000503_P0393.jpg,V00,S0289,I00000503,P0393,0007,
/Users/m/datasets/seamless_interaction/naturalistic/train/0001/0025/V00_S0097_I00000137_P0141.jpg,V00,S0097,I00000137,P0141,0001,
/Users/m/datasets/seamless_interaction/naturalistic/train/0016/0009/V00_S0578_I00000481_P0280.jpg,V00,S0578,I00000481,P0280,0016,
/Users/m/datasets/seamless_interaction/naturalistic/train/0015/0005/V00_S0547_I00000461_P0693.jpg,V00,S0547,I00000461,P0693,0015,
/Users/m/datasets/seamless_interaction/naturalistic/train/0018/0039/V00_S0634_I00000481_P0791.jpg,V00,S0634,I00000481,P0791,0018,
/Users/m/datasets/seamless_interaction/naturalistic/train/0000/0025/V00_S0049_I00000510_P0076.jpg,V00,S0049,I00000510,P0076,0000,
/Users/m/datasets/seamless_interaction/naturalistic/train/0020/0012/V00_S0728_I00000503_P0877.jpg,V00,S0728,I00000503,P0877,0020,
/Users/m/datasets/seamless_interaction/naturalistic/train/0010/0043/V00_S0392_I00000140_P0522.jpg,V00,S0392,I00000140,P0522,0010,
/Users/m/datasets/seamless_interaction/naturalistic/train/0001/0040/V00_S0081_I00000498_P0117.jpg,V00,S0081,I00000498,P0117,0001,
/Users/m/datasets/seamless_interaction/naturalistic/train/0019/0004/V00_S0652_I00000132_P0810.jpg,V00,S0652,I00000132,P0810,0019,
/Users/m/datasets/seamless_interaction/naturalistic/train/0011/0011/V00_S0401_I00000139_P0536.jpg,V00,S0401,I00000139,P0536,0011,
/Users/m/datasets/seamless_interaction/naturalistic/train/0004/0021/V00_S0179_I00000381_P0245.jpg,V00,S0179,I00000381,P0245,0004,
/Users/m/datasets/seamless_interaction/naturalistic/train/0018/0020/V00_S0621_I00000520_P0731.jpg,V00,S0621,I00000520,P0731,0018,
/Users/m/datasets/seamless_interaction/naturalistic/train/0015/0023/V00_S0569_I00000126_P0715.jpg,V00,S0569,I00000126,P0715,0015,
/Users/m/datasets/seamless_interaction/naturalistic/train/0004/0000/V00_S0210_I00000378_P0284.jpg,V00,S0210,I00000378,P0284,0004,
/Users/m/datasets/seamless_interaction/naturalistic/train/0012/0001/V00_S0451_I00000462_P0416.jpg,V00,S0451,I00000462,P0416,0012,
/Users/m/datasets/seamless_interaction/naturalistic/train/0002/0006/V00_S0124_I00000381_P0183.jpg,V00,S0124,I00000381,P0183,0002,
/Users/m/datasets/seamless_interaction/naturalistic/train/0011/0009/V00_S0433_I00000373_P0568.jpg,V00,S0433,I00000373,P0568,0011,
/Users/m/datasets/seamless_interaction/naturalistic/train/0004/0016/V00_S0188_I00000135_P0260.jpg,V00,S0188,I00000135,P0260,0004,
/Users/m/datasets/seamless_interaction/naturalistic/train/0007/0003/V00_S0312_I00000489_P0332.jpg,V00,S0312,I00000489,P0332,0007,
/Users/m/datasets/seamless_interaction/naturalistic/train/0008/0034/V00_S0341_I00000482_P0452.jpg,V00,S0341,I00000482,P0452,0008,
/Users/m/datasets/seamless_interaction/naturalistic/train/0005/0031/V00_S0225_I00000480_P0311.jpg,V00,S0225,I00000480,P0311,0005,
/Users/m/datasets/seamless_interaction/naturalistic/train/0019/0014/V00_S0689_I00000503_P0841.jpg,V00,S0689,I00000503,P0841,0019,
/Users/m/datasets/seamless_interaction/naturalistic/train/0013/0034/V00_S0499_I00000373_P0638.jpg,V00,S0499,I00000373,P0638,0013,
/Users/m/datasets/seamless_interaction/naturalistic/train/0015/0040/V00_S0566_I00000374_P0710.jpg,V00,S0566,I00000374,P0710,0015,
/Users/m/datasets/seamless_interaction/naturalistic/train/0003/0036/V00_S0145_I00000481_P0089.jpg,V00,S0145,I00000481,P0089,0003,
/Users/m/datasets/seamless_interaction/naturalistic/train/0009/0031/V00_S0373_I00000376_P0336.jpg,V00,S0373,I00000376,P0336,0009,
/Users/m/datasets/seamless_interaction/naturalistic/train/0014/0030/V00_S0528_I00000478_P0664.jpg,V00,S0528,I00000478,P0664,0014,
/Users/m/datasets/seamless_interaction/naturalistic/train/0014/0030/V00_S0524_I00000520_P0668.jpg,V00,S0524,I00000520,P0668,0014,
/Users/m/datasets/seamless_interaction/naturalistic/train/0015/0037/V00_S0559_I00000515_P0072.jpg,V00,S0559,I00000515,P0072,0015,
/Users/m/datasets/seamless_interaction/naturalistic/train/0009/0005/V00_S0352_I00000495_P0472.jpg,V00,S0352,I00000495,P0472,0009,
/Users/m/datasets/seamless_interaction/naturalistic/train/0011/0019/V00_S0417_I00000385_P0548.jpg,V00,S0417,I00000385,P0548,0011,
/Users/m/datasets/seamless_interaction/naturalistic/train/0002/0023/V00_S0113_I00000477_P0008.jpg,V00,S0113,I00000477,P0008,0002,
/Users/m/datasets/seamless_interaction/naturalistic/train/0006/0018/V00_S0257_I00000462_P0353.jpg,V00,S0257,I00000462,P0353,0006,
/Users/m/datasets/seamless_interaction/naturalistic/train/0019/0028/V00_S0679_I00000135_P0775.jpg,V00,S0679,I00000135,P0775,0019,
/Users/m/datasets/seamless_interaction/naturalistic/train/0017/0018/V00_S0617_I00000497_P0557.jpg,V00,S0617,I00000497,P0557,0017,
/Users/m/datasets/seamless_interaction/naturalistic/train/0017/0006/V00_S0594_I00000377_P0210.jpg,V00,S0594,I00000377,P0210,0017,
/Users/m/datasets/seamless_interaction/naturalistic/train/0005/0016/V00_S0244_I00000482_P0333.jpg,V00,S0244,I00000482,P0333,0005,
/Users/m/datasets/seamless_interaction/naturalistic/train/0001/0033/V00_S0067_I00000503_P0073.jpg,V00,S0067,I00000503,P0073,0001,
/Users/m/datasets/seamless_interaction/naturalistic/train/0004/0016/V00_S0181_I00000129_P0248.jpg,V00,S0181,I00000129,P0248,0004,
/Users/m/datasets/seamless_interaction/naturalistic/train/0008/0035/V00_S0324_I00000127_P0438.jpg,V00,S0324,I00000127,P0438,0008,
/Users/m/datasets/seamless_interaction/naturalistic/train/0020/0024/V00_S0724_I00000385_P0358.jpg,V00,S0724,I00000385,P0358,0020,
/Users/m/datasets/seamless_interaction/naturalistic/train/0000/0022/V00_S0031_I00000137_P0047.jpg,V00,S0031,I00000137,P0047,0000,
/Users/m/datasets/seamless_interaction/naturalistic/train/0012/0026/V00_S0463_I00000128_P0596.jpg,V00,S0463,I00000128,P0596,0012,
/Users/m/datasets/seamless_interaction/naturalistic/train/0010/0035/V00_S0387_I00000134_P0512.jpg,V00,S0387,I00000134,P0512,0010,
/Users/m/datasets/seamless_interaction/naturalistic/train/0004/0034/V00_S0186_I00000481_P0256.jpg,V00,S0186,I00000481,P0256,0004,
/Users/m/datasets/seamless_interaction/naturalistic/train/0018/0018/V00_S0633_I00000375_P0744.jpg,V00,S0633,I00000375,P0744,0018,
/Users/m/datasets/seamless_interaction/naturalistic/train/0016/0028/V00_S0580_I00000135_P0477.jpg,V00,S0580,I00000135,P0477,0016,
/Users/m/datasets/seamless_interaction/naturalistic/train/0010/0041/V00_S0395_I00000386_P0527.jpg,V00,S0395,I00000386,P0527,0010,
/Users/m/datasets/seamless_interaction/naturalistic/train/0016/0020/V00_S0584_I00000484_P0737.jpg,V00,S0584,I00000484,P0737,0016,
/Users/m/datasets/seamless_interaction/naturalistic/train/0009/0018/V00_S0358_I00000130_P0481.jpg,V00,S0358,I00000130,P0481,0009,
/Users/m/datasets/seamless_interaction/naturalistic/train/0005/0025/V00_S0223_I00000377_P0307.jpg,V00,S0223,I00000377,P0307,0005,
/Users/m/datasets/seamless_interaction/naturalistic/train/0004/0036/V00_S0212_I00000483_P0288.jpg,V00,S0212,I00000483,P0288,0004,
/Users/m/datasets/seamless_interaction/naturalistic/train/0018/0033/V00_S0622_I00000125_P0775.jpg,V00,S0622,I00000125,P0775,0018,
/Users/m/datasets/seamless_interaction/naturalistic/train/0005/0014/V00_S0219_I00000503_P0298.jpg,V00,S0219,I00000503,P0298,0005,
/Users/m/datasets/seamless_interaction/naturalistic/train/0011/0025/V00_S0433_I00000375_P0567.jpg,V00,S0433,I00000375,P0567,0011,
/Users/m/datasets/seamless_interaction/naturalistic/train/0010/0003/V00_S0390_I00000130_P0317.jpg,V00,S0390,I00000130,P0317,0010,
/Users/m/datasets/seamless_interaction/naturalistic/train/0001/0008/V00_S0096_I00000462_P0138.jpg,V00,S0096,I00000462,P0138,0001,
/Users/m/datasets/seamless_interaction/naturalistic/train/0019/0015/V00_S0659_I00000478_P0377.jpg,V00,S0659,I00000478,P0377,0019,
/Users/m/datasets/seamless_interaction/naturalistic/train/0015/0037/V00_S0562_I00000497_P0705.jpg,V00,S0562,I00000497,P0705,0015,
/Users/m/datasets/seamless_interaction/naturalistic/train/0014/0005/V00_S0527_I00000483_P0674.jpg,V00,S0527,I00000483,P0674,0014,
/Users/m/datasets/seamless_interaction/naturalistic/train/0004/0000/V00_S0210_I00000377_P0283.jpg,V00,S0210,I00000377,P0283,0004,
/Users/m/datasets/seamless_interaction/naturalistic/train/0018/0044/V00_S0628_I00000495_P0783.jpg,V00,S0628,I00000495,P0783,0018,
/Users/m/datasets/seamless_interaction/naturalistic/train/0016/0014/V00_S0573_I00000125_P0722.jpg,V00,S0573,I00000125,P0722,0016,
/Users/m/datasets/seamless_interaction/naturalistic/train/0002/0026/V00_S0112_I00000495_P0163.jpg,V00,S0112,I00000495,P0163,0002,
/Users/m/datasets/seamless_interaction/naturalistic/train/0008/0038/V00_S0343_I00000514_P0459.jpg,V00,S0343,I00000514,P0459,0008,
/Users/m/datasets/seamless_interaction/naturalistic/train/0019/0024/V00_S0693_I00000135_P0251.jpg,V00,S0693,I00000135,P0251,0019,
/Users/m/datasets/seamless_interaction/naturalistic/train/0000/0003/V00_S0036_I00000126_P0057.jpg,V00,S0036,I00000126,P0057,0000,
/Users/m/datasets/seamless_interaction/naturalistic/train/0009/0019/V00_S0369_I00000479_P0024.jpg,V00,S0369,I00000479,P0024,0009,
/Users/m/datasets/seamless_interaction/naturalistic/train/0006/0001/V00_S0253_I00000135_P0348.jpg,V00,S0253,I00000135,P0348,0006,
/Users/m/datasets/seamless_interaction/naturalistic/train/0005/0024/V00_S0224_I00000500_P0309.jpg,V00,S0224,I00000500,P0309,0005,
/Users/m/datasets/seamless_interaction/naturalistic/train/0005/0011/V00_S0216_I00000481_P0294.jpg,V00,S0216,I00000481,P0294,0005,
/Users/m/datasets/seamless_interaction/naturalistic/train/0006/0030/V00_S0252_I00000462_P0346.jpg,V00,S0252,I00000462,P0346,0006,
/Users/m/datasets/seamless_interaction/naturalistic/train/0002/0036/V00_S0142_I00000483_P0204.jpg,V00,S0142,I00000483,P0204,0002,
/Users/m/datasets/seamless_interaction/naturalistic/train/0009/0016/V00_S0357_I00000138_P0122.jpg,V00,S0357,I00000138,P0122,0009,
/Users/m/datasets/seamless_interaction/naturalistic/train/0010/0013/V00_S0389_I00000372_P0516.jpg,V00,S0389,I00000372,P0516,0010,
/Users/m/datasets/seamless_interaction/naturalistic/train/0000/0024/V00_S0053_I00000502_P0082.jpg,V00,S0053,I00000502,P0082,0000,
/Users/m/datasets/seamless_interaction/naturalistic/train/0009/0028/V00_S0345_I00000510_P0463.jpg,V00,S0345,I00000510,P0463,0009,
/Users/m/datasets/seamless_interaction/naturalistic/train/0001/0011/V00_S0101_I00000478_P0149.jpg,V00,S0101,I00000478,P0149,0001,
/Users/m/datasets/seamless_interaction/naturalistic/train/0018/0019/V00_S0638_I00000373_P0797.jpg,V00,S0638,I00000373,P0797,0018,
/Users/m/datasets/seamless_interaction/naturalistic/train/0007/0012/V00_S0310_I00000376_P0042.jpg,V00,S0310,I00000376,P0042,0007,
/Users/m/datasets/seamless_interaction/naturalistic/train/0016/0042/V00_S0581_I00000128_P0732.jpg,V00,S0581,I00000128,P0732,0016,
/Users/m/datasets/seamless_interaction/naturalistic/train/0010/0027/V00_S0395_I00000372_P0383.jpg,V00,S0395,I00000372,P0383,0010,
/Users/m/datasets/seamless_interaction/naturalistic/train/0011/0024/V00_S0416_I00000374_P0546.jpg,V00,S0416,I00000374,P0546,0011,
/Users/m/datasets/seamless_interaction/naturalistic/train/0009/0015/V00_S0356_I00000371_P0479.jpg,V00,S0356,I00000371,P0479,0009,
/Users/m/datasets/seamless_interaction/naturalistic/train/0007/0020/V00_S0307_I00000376_P0414.jpg,V00,S0307,I00000376,P0414,0007,
/Users/m/datasets/seamless_interaction/naturalistic/train/0006/0020/V00_S0284_I00000135_P0384.jpg,V00,S0284,I00000135,P0384,0006,
/Users/m/datasets/seamless_interaction/naturalistic/train/0017/0009/V00_S0616_I00000125_P0768.jpg,V00,S0616,I00000125,P0768,0017,
/Users/m/datasets/seamless_interaction/naturalistic/train/0015/0034/V00_S0558_I00000381_P0543.jpg,V00,S0558,I00000381,P0543,0015,
/Users/m/datasets/seamless_interaction/naturalistic/train/0013/0012/V00_S0503_I00000371_P0645.jpg,V00,S0503,I00000371,P0645,0013,
/Users/m/datasets/seamless_interaction/naturalistic/train/0010/0007/V00_S0388_I00000482_P0515.jpg,V00,S0388,I00000482,P0515,0010,
/Users/m/datasets/seamless_interaction/naturalistic/train/0008/0001/V00_S0322_I00000503_P0429.jpg,V00,S0322,I00000503,P0429,0008,
/Users/m/datasets/seamless_interaction/naturalistic/train/0006/0015/V00_S0249_I00000484_P0340.jpg,V00,S0249,I00000484,P0340,0006,
/Users/m/datasets/seamless_interaction/naturalistic/train/0014/0037/V00_S0517_I00000307_P0492.jpg,V00,S0517,I00000307,P0492,0014,
/Users/m/datasets/seamless_interaction/naturalistic/train/0017/0031/V00_S0601_I00000495_P0759.jpg,V00,S0601,I00000495,P0759,0017,
/Users/m/datasets/seamless_interaction/naturalistic/train/0020/0011/V00_S0734_I00000129_P0519.jpg,V00,S0734,I00000129,P0519,0020,
/Users/m/datasets/seamless_interaction/naturalistic/train/0020/0023/V00_S0703_I00000495_P0855.jpg,V00,S0703,I00000495,P0855,0020,
/Users/m/datasets/seamless_interaction/naturalistic/train/0007/0008/V00_S0285_I00000489_P0387.jpg,V00,S0285,I00000489,P0387,0007,
/Users/m/datasets/seamless_interaction/naturalistic/train/0013/0010/V00_S0477_I00000126_P0611.jpg,V00,S0477,I00000126,P0611,0013,
/Users/m/datasets/seamless_interaction/naturalistic/train/0001/0020/V00_S0096_I00000462_P0139.jpg,V00,S0096,I00000462,P0139,0001,
/Users/m/datasets/seamless_interaction/naturalistic/train/0005/0032/V00_S0222_I00000383_P0304.jpg,V00,S0222,I00000383,P0304,0005,
/Users/m/datasets/seamless_interaction/naturalistic/train/0015/0023/V00_S0556_I00000382_P0700.jpg,V00,S0556,I00000382,P0700,0015,
/Users/m/datasets/seamless_interaction/naturalistic/train/0011/0033/V00_S0429_I00000382_P0120.jpg,V00,S0429,I00000382,P0120,0011,
/Users/m/datasets/seamless_interaction/naturalistic/train/0000/0019/V00_S0047_I00000135_P0071.jpg,V00,S0047,I00000135,P0071,0000,
/Users/m/datasets/seamless_interaction/naturalistic/train/0008/0000/V00_S0344_I00000520_P0461.jpg,V00,S0344,I00000520,P0461,0008,
/Users/m/datasets/seamless_interaction/naturalistic/train/0011/0036/V00_S0417_I00000503_P0549.jpg,V00,S0417,I00000503,P0549,0011,
/Users/m/datasets/seamless_interaction/naturalistic/train/0009/0044/V00_S0378_I00000461_P0501.jpg,V00,S0378,I00000461,P0501,0009,
/Users/m/datasets/seamless_interaction/naturalistic/train/0012/0002/V00_S0473_I00000139_P0609.jpg,V00,S0473,I00000139,P0609,0012,
/Users/m/datasets/seamless_interaction/naturalistic/train/0012/0022/V00_S0462_I00000372_P0597.jpg,V00,S0462,I00000372,P0597,0012,
/Users/m/datasets/seamless_interaction/naturalistic/train/0016/0012/V00_S0571_I00000387_P0719.jpg,V00,S0571,I00000387,P0719,0016,
/Users/m/datasets/seamless_interaction/naturalistic/train/0004/0028/V00_S0207_I00000462_P0277.jpg,V00,S0207,I00000462,P0277,0004,
/Users/m/datasets/seamless_interaction/naturalistic/train/0007/0042/V00_S0286_I00000501_P0388.jpg,V00,S0286,I00000501,P0388,0007,
/Users/m/datasets/seamless_interaction/naturalistic/train/0008/0015/V00_S0329_I00000377_P0445.jpg,V00,S0329,I00000377,P0445,0008,
/Users/m/datasets/seamless_interaction/naturalistic/train/0004/0027/V00_S0181_I00000139_P0249.jpg,V00,S0181,I00000139,P0249,0004,
/Users/m/datasets/seamless_interaction/naturalistic/train/0005/0017/V00_S0248_I00000373_P0338.jpg,V00,S0248,I00000373,P0338,0005,
/Users/m/datasets/seamless_interaction/naturalistic/train/0016/0034/V00_S0585_I00000381_P0166.jpg,V00,S0585,I00000381,P0166,0016,
/Users/m/datasets/seamless_interaction/naturalistic/train/0002/0000/V00_S0119_I00000483_P0048.jpg,V00,S0119,I00000483,P0048,0002,
/Users/m/datasets/seamless_interaction/naturalistic/train/0019/0001/V00_S0653_I00000130_P0804.jpg,V00,S0653,I00000130,P0804,0019,
/Users/m/datasets/seamless_interaction/naturalistic/train/0016/0016/V00_S0587_I00000477_P0556.jpg,V00,S0587,I00000477,P0556,0016,
/Users/m/datasets/seamless_interaction/naturalistic/train/0020/0035/V00_S0695_I00000132_P0846.jpg,V00,S0695,I00000132,P0846,0020,
/Users/m/datasets/seamless_interaction/naturalistic/train/0000/0028/V00_S0031_I00000137_P0048.jpg,V00,S0031,I00000137,P0048,0000,
/Users/m/datasets/seamless_interaction/naturalistic/train/0016/0038/V00_S0575_I00000130_P0572.jpg,V00,S0575,I00000130,P0572,0016,
/Users/m/datasets/seamless_interaction/naturalistic/train/0008/0036/V00_S0321_I00000128_P0436.jpg,V00,S0321,I00000128,P0436,0008,
/Users/m/datasets/seamless_interaction/naturalistic/train/0013/0037/V00_S0479_I00000385_P0616.jpg,V00,S0479,I00000385,P0616,0013,
/Users/m/datasets/seamless_interaction/naturalistic/train/0007/0033/V00_S0287_I00000130_P0389.jpg,V00,S0287,I00000130,P0389,0007,
/Users/m/datasets/seamless_interaction/naturalistic/train/0019/0009/V00_S0665_I00000129_P0424.jpg,V00,S0665,I00000129,P0424,0019,
/Users/m/datasets/seamless_interaction/naturalistic/train/0020/0041/V00_S0701_I00000135_P0856.jpg,V00,S0701,I00000135,P0856,0020,
/Users/m/datasets/seamless_interaction/naturalistic/train/0009/0041/V00_S0365_I00000130_P0367.jpg,V00,S0365,I00000130,P0367,0009,
/Users/m/datasets/seamless_interaction/naturalistic/train/0009/0021/V00_S0373_I00000384_P0496.jpg,V00,S0373,I00000384,P0496,0009,
/Users/m/datasets/seamless_interaction/naturalistic/train/0003/0033/V00_S0149_I00000461_P0208.jpg,V00,S0149,I00000461,P0208,0003,
/Users/m/datasets/seamless_interaction/naturalistic/train/0007/0028/V00_S0315_I00000135_P0425.jpg,V00,S0315,I00000135,P0425,0007,
/Users/m/datasets/seamless_interaction/naturalistic/train/0007/0006/V00_S0284_I00000520_P0385.jpg,V00,S0284,I00000520,P0385,0007,
/Users/m/datasets/seamless_interaction/naturalistic/train/0014/0035/V00_S0507_I00000371_P0649.jpg,V00,S0507,I00000371,P0649,0014,
/Users/m/datasets/seamless_interaction/naturalistic/train/0009/0039/V00_S0345_I00000510_P0462.jpg,V00,S0345,I00000510,P0462,0009,
/Users/m/datasets/seamless_interaction/naturalistic/train/0008/0033/V00_S0329_I00000490_P0446.jpg,V00,S0329,I00000490,P0446,0008,
/Users/m/datasets/seamless_interaction/naturalistic/train/0007/0041/V00_S0291_I00000135_P0306.jpg,V00,S0291,I00000135,P0306,0007,
/Users/m/datasets/seamless_interaction/naturalistic/train/0011/0043/V00_S0437_I00000478_P0348.jpg,V00,S0437,I00000478,P0348,0011,
/Users/m/datasets/seamless_interaction/naturalistic/train/0008/0034/V00_S0323_I00000138_P0079.jpg,V00,S0323,I00000138,P0079,0008,
/Users/m/datasets/seamless_interaction/naturalistic/train/0009/0021/V00_S0379_I00000309_P0252.jpg,V00,S0379,I00000309,P0252,0009,
/Users/m/datasets/seamless_interaction/naturalistic/train/0003/0039/V00_S0154_I00000128_P0220.jpg,V00,S0154,I00000128,P0220,0003,
/Users/m/datasets/seamless_interaction/naturalistic/train/0001/0039/V00_S0069_I00000489_P0104.jpg,V00,S0069,I00000489,P0104,0001,
/Users/m/datasets/seamless_interaction/naturalistic/train/0004/0000/V00_S0211_I00000371_P0286.jpg,V00,S0211,I00000371,P0286,0004,
/Users/m/datasets/seamless_interaction/naturalistic/train/0008/0011/V00_S0322_I00000383_P0424.jpg,V00,S0322,I00000383,P0424,0008,
/Users/m/datasets/seamless_interaction/naturalistic/train/0000/0026/V00_S0052_I00000504_P0080.jpg,V00,S0052,I00000504,P0080,0000,
/Users/m/datasets/seamless_interaction/naturalistic/train/0003/0030/V00_S0174_I00000385_P0241.jpg,V00,S0174,I00000385,P0241,0003,
/Users/m/datasets/seamless_interaction/naturalistic/train/0006/0008/V00_S0254_I00000386_P0042.jpg,V00,S0254,I00000386,P0042,0006,
/Users/m/datasets/seamless_interaction/naturalistic/train/0003/0002/V00_S0168_I00000495_P0239.jpg,V00,S0168,I00000495,P0239,0003,
/Users/m/datasets/seamless_interaction/naturalistic/train/0007/0035/V00_S0315_I00000137_P0423.jpg,V00,S0315,I00000137,P0423,0007,
/Users/m/datasets/seamless_interaction/naturalistic/train/0014/0034/V00_S0525_I00000377_P0670.jpg,V00,S0525,I00000377,P0670,0014,
/Users/m/datasets/seamless_interaction/naturalistic/train/0009/0032/V00_S0348_I00000481_P0287.jpg,V00,S0348,I00000481,P0287,0009,
/Users/m/datasets/seamless_interaction/naturalistic/train/0005/0035/V00_S0222_I00000374_P0305.jpg,V00,S0222,I00000374,P0305,0005,
/Users/m/datasets/seamless_interaction/naturalistic/train/0014/0005/V00_S0517_I00000307_P0429.jpg,V00,S0517,I00000307,P0429,0014,
/Users/m/datasets/seamless_interaction/naturalistic/train/0008/0033/V00_S0324_I00000134_P0299.jpg,V00,S0324,I00000134,P0299,0008,
/Users/m/datasets/seamless_interaction/naturalistic/train/0001/0025/V00_S0085_I00000510_P0126.jpg,V00,S0085,I00000510,P0126,0001,
/Users/m/datasets/seamless_interaction/naturalistic/train/0011/0016/V00_S0414_I00000135_P0543.jpg,V00,S0414,I00000135,P0543,0011,
/Users/m/datasets/seamless_interaction/naturalistic/train/0001/0034/V00_S0083_I00000125_P0122.jpg,V00,S0083,I00000125,P0122,0001,
/Users/m/datasets/seamless_interaction/naturalistic/train/0009/0017/V00_S0365_I00000128_P0364.jpg,V00,S0365,I00000128,P0364,0009,
/Users/m/datasets/seamless_interaction/naturalistic/train/0012/0039/V00_S0471_I00000482_P0170.jpg,V00,S0471,I00000482,P0170,0012,
/Users/m/datasets/seamless_interaction/naturalistic/train/0015/0000/V00_S0552_I00000375_P0542.jpg,V00,S0552,I00000375,P0542,0015,
/Users/m/datasets/seamless_interaction/naturalistic/train/0012/0003/V00_S0460_I00000374_P0433.jpg,V00,S0460,I00000374,P0433,0012,
/Users/m/datasets/seamless_interaction/naturalistic/train/0009/0014/V00_S0354_I00000371_P0433.jpg,V00,S0354,I00000371,P0433,0009,
/Users/m/datasets/seamless_interaction/naturalistic/train/0001/0018/V00_S0069_I00000495_P0074.jpg,V00,S0069,I00000495,P0074,0001,
/Users/m/datasets/seamless_interaction/naturalistic/train/0005/0005/V00_S0221_I00000125_P0302.jpg,V00,S0221,I00000125,P0302,0005,
/Users/m/datasets/seamless_interaction/naturalistic/train/0000/0025/V00_S0050_I00000128_P0077.jpg,V00,S0050,I00000128,P0077,0000,
/Users/m/datasets/seamless_interaction/naturalistic/train/0020/0036/V00_S0703_I00000484_P0858.jpg,V00,S0703,I00000484,P0858,0020,
/Users/m/datasets/seamless_interaction/naturalistic/train/0020/0016/V00_S0699_I00000479_P0850.jpg,V00,S0699,I00000479,P0850,0020,
/Users/m/datasets/seamless_interaction/naturalistic/train/0008/0033/V00_S0323_I00000125_P0437.jpg,V00,S0323,I00000125,P0437,0008,
/Users/m/datasets/seamless_interaction/naturalistic/train/0006/0000/V00_S0283_I00000478_P0382.jpg,V00,S0283,I00000478,P0382,0006,
/Users/m/datasets/seamless_interaction/naturalistic/train/0011/0022/V00_S0418_I00000515_P0550.jpg,V00,S0418,I00000515,P0550,0011,
/Users/m/datasets/seamless_interaction/naturalistic/train/0019/0032/V00_S0655_I00000128_P0808.jpg,V00,S0655,I00000128,P0808,0019,
/Users/m/datasets/seamless_interaction/naturalistic/train/0016/0020/V00_S0577_I00000381_P0728.jpg,V00,S0577,I00000381,P0728,0016,
/Users/m/datasets/seamless_interaction/naturalistic/train/0013/0005/V00_S0476_I00000520_P0452.jpg,V00,S0476,I00000520,P0452,0013,
/Users/m/datasets/seamless_interaction/naturalistic/train/0008/0013/V00_S0331_I00000487_P0447.jpg,V00,S0331,I00000487,P0447,0008,
/Users/m/datasets/seamless_interaction/naturalistic/train/0008/0023/V00_S0342_I00000488_P0455.jpg,V00,S0342,I00000488,P0455,0008,
/Users/m/datasets/seamless_interaction/naturalistic/train/0008/0000/V00_S0339_I00000510_P0150A.jpg,V00,S0339,I00000510,P0150A,0008,
/Users/m/datasets/seamless_interaction/naturalistic/train/0007/0006/V00_S0308_I00000373_P0415.jpg,V00,S0308,I00000373,P0415,0007,
/Users/m/datasets/seamless_interaction/naturalistic/train/0011/0038/V00_S0405_I00000135_P0538.jpg,V00,S0405,I00000135,P0538,0011,
/Users/m/datasets/seamless_interaction/naturalistic/train/0005/0034/V00_S0242_I00000510_P0329.jpg,V00,S0242,I00000510,P0329,0005,
/Users/m/datasets/seamless_interaction/naturalistic/train/0012/0019/V00_S0455_I00000309_P0588.jpg,V00,S0455,I00000309,P0588,0012,
/Users/m/datasets/seamless_interaction/naturalistic/train/0016/0014/V00_S0570_I00000488_P0717.jpg,V00,S0570,I00000488,P0717,0016,
/Users/m/datasets/seamless_interaction/naturalistic/train/0011/0015/V00_S0416_I00000379_P0547.jpg,V00,S0416,I00000379,P0547,0011,
/Users/m/datasets/seamless_interaction/naturalistic/train/0017/0014/V00_S0594_I00000371_P0752.jpg,V00,S0594,I00000371,P0752,0017,
/Users/m/datasets/seamless_interaction/naturalistic/train/0020/0003/V00_S0704_I00000134_P0859A.jpg,V00,S0704,I00000134,P0859A,0020,
/Users/m/datasets/seamless_interaction/naturalistic/train/0010/0042/V00_S0384_I00000373_P0509.jpg,V00,S0384,I00000373,P0509,0010,
/Users/m/datasets/seamless_interaction/naturalistic/train/0019/0014/V00_S0671_I00000307_P0828.jpg,V00,S0671,I00000307,P0828,0019,
/Users/m/datasets/seamless_interaction/naturalistic/train/0016/0040/V00_S0587_I00000135_P0741.jpg,V00,S0587,I00000135,P0741,0016,
/Users/m/datasets/seamless_interaction/naturalistic/train/0006/0029/V00_S0250_I00000125_P0343.jpg,V00,S0250,I00000125,P0343,0006,
/Users/m/datasets/seamless_interaction/naturalistic/train/0005/0026/V00_S0224_I00000489_P0308.jpg,V00,S0224,I00000489,P0308,0005,
/Users/m/datasets/seamless_interaction/naturalistic/train/0015/0021/V00_S0560_I00000481_P0403.jpg,V00,S0560,I00000481,P0403,0015,
/Users/m/datasets/seamless_interaction/naturalistic/train/0000/0037/V00_S0030_I00000132_P0046.jpg,V00,S0030,I00000132,P0046,0000,
/Users/m/datasets/seamless_interaction/naturalistic/train/0016/0031/V00_S0569_I00000501_P0714.jpg,V00,S0569,I00000501,P0714,0016,
/Users/m/datasets/seamless_interaction/naturalistic/train/0015/0002/V00_S0560_I00000377_P0702.jpg,V00,S0560,I00000377,P0702,0015,
/Users/m/datasets/seamless_interaction/naturalistic/train/0013/0032/V00_S0497_I00000135_P0633.jpg,V00,S0497,I00000135,P0633,0013,
/Users/m/datasets/seamless_interaction/naturalistic/train/0003/0021/V00_S0146_I00000128_P0048.jpg,V00,S0146,I00000128,P0048,0003,
/Users/m/datasets/seamless_interaction/naturalistic/train/0003/0017/V00_S0176_I00000127_P0119.jpg,V00,S0176,I00000127,P0119,0003,
/Users/m/datasets/seamless_interaction/naturalistic/train/0013/0015/V00_S0475_I00000127_P0612.jpg,V00,S0475,I00000127,P0612,0013,
/Users/m/datasets/seamless_interaction/naturalistic/train/0013/0020/V00_S0495_I00000139_P0630.jpg,V00,S0495,I00000139,P0630,0013,
/Users/m/datasets/seamless_interaction/naturalistic/train/0019/0003/V00_S0687_I00000376_P0836.jpg,V00,S0687,I00000376,P0836,0019,
/Users/m/datasets/seamless_interaction/naturalistic/train/0006/0013/V00_S0248_I00000382_P0339.jpg,V00,S0248,I00000382,P0339,0006,
/Users/m/datasets/seamless_interaction/naturalistic/train/0019/0000/V00_S0663_I00000373_P0712.jpg,V00,S0663,I00000373,P0712,0019,
/Users/m/datasets/seamless_interaction/naturalistic/train/0017/0006/V00_S0618_I00000503_P0767.jpg,V00,S0618,I00000503,P0767,0017,
/Users/m/datasets/seamless_interaction/naturalistic/train/0001/0021/V00_S0084_I00000495_P0124.jpg,V00,S0084,I00000495,P0124,0001,
/Users/m/datasets/seamless_interaction/naturalistic/train/0019/0032/V00_S0655_I00000462_P0807.jpg,V00,S0655,I00000462,P0807,0019,
/Users/m/datasets/seamless_interaction/naturalistic/train/0016/0023/V00_S0582_I00000307_P0733.jpg,V00,S0582,I00000307,P0733,0016,
/Users/m/datasets/seamless_interaction/naturalistic/train/0007/0040/V00_S0313_I00000129_P0176.jpg,V00,S0313,I00000129,P0176,0007,
/Users/m/datasets/seamless_interaction/naturalistic/train/0012/0032/V00_S0469_I00000130_P0608.jpg,V00,S0469,I00000130,P0608,0012,
/Users/m/datasets/seamless_interaction/naturalistic/train/0019/0013/V00_S0667_I00000129_P0615.jpg,V00,S0667,I00000129,P0615,0019,
/Users/m/datasets/seamless_interaction/naturalistic/train/0002/0014/V00_S0110_I00000481_P0158.jpg,V00,S0110,I00000481,P0158,0002,
/Users/m/datasets/seamless_interaction/naturalistic/train/0005/0035/V00_S0218_I00000135_P0296.jpg,V00,S0218,I00000135,P0296,0005,
/Users/m/datasets/seamless_interaction/naturalistic/train/0006/0005/V00_S0280_I00000374_P0160.jpg,V00,S0280,I00000374,P0160,0006,
/Users/m/datasets/seamless_interaction/naturalistic/train/0013/0016/V00_S0496_I00000502_P0631.jpg,V00,S0496,I00000502,P0631,0013,
/Users/m/datasets/seamless_interaction/naturalistic/train/0000/0007/V00_S0032_I00000514_P0050.jpg,V00,S0032,I00000514,P0050,0000,
/Users/m/datasets/seamless_interaction/naturalistic/train/0010/0009/V00_S0381_I00000378_P0012.jpg,V00,S0381,I00000378,P0012,0010,
/Users/m/datasets/seamless_interaction/naturalistic/train/0018/0010/V00_S0624_I00000132_P0777.jpg,V00,S0624,I00000132,P0777,0018,
/Users/m/datasets/seamless_interaction/naturalistic/train/0001/0009/V00_S0082_I00000515_P0120.jpg,V00,S0082,I00000515,P0120,0001,
/Users/m/datasets/seamless_interaction/naturalistic/train/0013/0038/V00_S0496_I00000135_P0629.jpg,V00,S0496,I00000135,P0629,0013,
/Users/m/datasets/seamless_interaction/naturalistic/train/0013/0034/V00_S0475_I00000307_P0413.jpg,V00,S0475,I00000307,P0413,0013,
/Users/m/datasets/seamless_interaction/naturalistic/train/0001/0010/V00_S0082_I00000500_P0119.jpg,V00,S0082,I00000500,P0119,0001,
/Users/m/datasets/seamless_interaction/naturalistic/train/0006/0002/V00_S0281_I00000497_P0379.jpg,V00,S0281,I00000497,P0379,0006,
/Users/m/datasets/seamless_interaction/naturalistic/train/0009/0038/V00_S0356_I00000135_P0478.jpg,V00,S0356,I00000135,P0478,0009,
/Users/m/datasets/seamless_interaction/naturalistic/train/0000/0024/V00_S0049_I00000510_P0075.jpg,V00,S0049,I00000510,P0075,0000,
/Users/m/datasets/seamless_interaction/naturalistic/train/0011/0034/V00_S0423_I00000497_P0559.jpg,V00,S0423,I00000497,P0559,0011,
/Users/m/datasets/seamless_interaction/naturalistic/train/0001/0036/V00_S0081_I00000372_P0118.jpg,V00,S0081,I00000372,P0118,0001,
/Users/m/datasets/seamless_interaction/naturalistic/train/0020/0000/V00_S0726_I00000125_P0873.jpg,V00,S0726,I00000125,P0873,0020,
/Users/m/datasets/seamless_interaction/naturalistic/train/0009/0025/V00_S0346_I00000132_P0464.jpg,V00,S0346,I00000132,P0464,0009,
/Users/m/datasets/seamless_interaction/naturalistic/train/0010/0009/V00_S0394_I00000486_P0526.jpg,V00,S0394,I00000486,P0526,0010,
/Users/m/datasets/seamless_interaction/naturalistic/train/0011/0041/V00_S0437_I00000481_P0572.jpg,V00,S0437,I00000481,P0572,0011,
/Users/m/datasets/seamless_interaction/naturalistic/train/0002/0001/V00_S0115_I00000372_P0167.jpg,V00,S0115,I00000372,P0167,0002,
/Users/m/datasets/seamless_interaction/naturalistic/train/0004/0035/V00_S0185_I00000135_P0255.jpg,V00,S0185,I00000135,P0255,0004,
/Users/m/datasets/seamless_interaction/naturalistic/train/0010/0025/V00_S0391_I00000477_P0520.jpg,V00,S0391,I00000477,P0520,0010,
/Users/m/datasets/seamless_interaction/naturalistic/train/0007/0032/V00_S0306_I00000374_P0411.jpg,V00,S0306,I00000374,P0411,0007,
/Users/m/datasets/seamless_interaction/naturalistic/train/0013/0037/V00_S0476_I00000520_P0582.jpg,V00,S0476,I00000520,P0582,0013,
/Users/m/datasets/seamless_interaction/naturalistic/train/0005/0003/V00_S0217_I00000477_P0295.jpg,V00,S0217,I00000477,P0295,0005,
/Users/m/datasets/seamless_interaction/naturalistic/train/0013/0006/V00_S0500_I00000514_P0640.jpg,V00,S0500,I00000514,P0640,0013,
/Users/m/datasets/seamless_interaction/naturalistic/train/0004/0029/V00_S0179_I00000379_P0246.jpg,V00,S0179,I00000379,P0246,0004,
/Users/m/datasets/seamless_interaction/naturalistic/train/0015/0033/V00_S0555_I00000135_P0699.jpg,V00,S0555,I00000135,P0699,0015,
/Users/m/datasets/seamless_interaction/naturalistic/train/0004/0024/V00_S0213_I00000514_P0282.jpg,V00,S0213,I00000514,P0282,0004,
/Users/m/datasets/seamless_interaction/naturalistic/train/0019/0027/V00_S0662_I00000486_P0820.jpg,V00,S0662,I00000486,P0820,0019,
/Users/m/datasets/seamless_interaction/naturalistic/train/0016/0011/V00_S0580_I00000504_P0558.jpg,V00,S0580,I00000504,P0558,0016,
/Users/m/datasets/seamless_interaction/naturalistic/train/0008/0041/V00_S0337_I00000482_P0453.jpg,V00,S0337,I00000482,P0453,0008,
/Users/m/datasets/seamless_interaction/naturalistic/train/0018/0039/V00_S0625_I00000497_P0782.jpg,V00,S0625,I00000497,P0782,0018,
/Users/m/datasets/seamless_interaction/naturalistic/train/0020/0037/V00_S0693_I00000384_P0625.jpg,V00,S0693,I00000384,P0625,0020,
/Users/m/datasets/seamless_interaction/naturalistic/train/0008/0014/V00_S0337_I00000510_P0457.jpg,V00,S0337,I00000510,P0457,0008,
/Users/m/datasets/seamless_interaction/naturalistic/train/0008/0016/V00_S0343_I00000486_P0458.jpg,V00,S0343,I00000486,P0458,0008,
/Users/m/datasets/seamless_interaction/naturalistic/train/0014/0006/V00_S0512_I00000477_P0656.jpg,V00,S0512,I00000477,P0656,0014,
/Users/m/datasets/seamless_interaction/naturalistic/train/0016/0039/V00_S0585_I00000382_P0738.jpg,V00,S0585,I00000382,P0738,0016,
/Users/m/datasets/seamless_interaction/naturalistic/train/0012/0025/V00_S0459_I00000503_P0358.jpg,V00,S0459,I00000503,P0358,0012,
/Users/m/datasets/seamless_interaction/naturalistic/train/0003/0032/V00_S0147_I00000382_P0209.jpg,V00,S0147,I00000382,P0209,0003,
/Users/m/datasets/seamless_interaction/naturalistic/train/0000/0009/V00_S0035_I00000135_P0056.jpg,V00,S0035,I00000135,P0056,0000,
/Users/m/datasets/seamless_interaction/naturalistic/train/0007/0032/V00_S0289_I00000375_P0392.jpg,V00,S0289,I00000375,P0392,0007,
/Users/m/datasets/seamless_interaction/naturalistic/train/0008/0040/V00_S0325_I00000309_P0440.jpg,V00,S0325,I00000309,P0440,0008,
/Users/m/datasets/seamless_interaction/naturalistic/train/0012/0032/V00_S0466_I00000489_P0598.jpg,V00,S0466,I00000489,P0598,0012,
/Users/m/datasets/seamless_interaction/naturalistic/train/0018/0025/V00_S0639_I00000504_P0123.jpg,V00,S0639,I00000504,P0123,0018,
/Users/m/datasets/seamless_interaction/naturalistic/train/0004/0035/V00_S0214_I00000128_P0290.jpg,V00,S0214,I00000128,P0290,0004,
/Users/m/datasets/seamless_interaction/naturalistic/train/0020/0011/V00_S0727_I00000371_P0874.jpg,V00,S0727,I00000371,P0874,0020,
/Users/m/datasets/seamless_interaction/naturalistic/train/0010/0008/V00_S0383_I00000129_P0506.jpg,V00,S0383,I00000129,P0506,0010,
/Users/m/datasets/seamless_interaction/naturalistic/train/0013/0031/V00_S0501_I00000135_P0642.jpg,V00,S0501,I00000135,P0642,0013,
/Users/m/datasets/seamless_interaction/naturalistic/train/0006/0025/V00_S0249_I00000514_P0341.jpg,V00,S0249,I00000514,P0341,0006,
/Users/m/datasets/seamless_interaction/naturalistic/train/0004/0015/V00_S0182_I00000126_P0251.jpg,V00,S0182,I00000126,P0251,0004,
/Users/m/datasets/seamless_interaction/naturalistic/train/0001/0022/V00_S0098_I00000371_P0142.jpg,V00,S0098,I00000371,P0142,0001,
/Users/m/datasets/seamless_interaction/naturalistic/train/0009/0012/V00_S0369_I00000479_P0491.jpg,V00,S0369,I00000479,P0491,0009,
/Users/m/datasets/seamless_interaction/naturalistic/train/0020/0021/V00_S0730_I00000375_P0120.jpg,V00,S0730,I00000375,P0120,0020,
/Users/m/datasets/seamless_interaction/naturalistic/train/0010/0040/V00_S0387_I00000125_P0513.jpg,V00,S0387,I00000125,P0513,0010,
/Users/m/datasets/seamless_interaction/naturalistic/train/0013/0026/V00_S0504_I00000478_P0047.jpg,V00,S0504,I00000478,P0047,0013,
/Users/m/datasets/seamless_interaction/naturalistic/train/0005/0024/V00_S0244_I00000487_P0332.jpg,V00,S0244,I00000487,P0332,0005,
/Users/m/datasets/seamless_interaction/naturalistic/train/0010/0032/V00_S0385_I00000373_P0510.jpg,V00,S0385,I00000373,P0510,0010,
/Users/m/datasets/seamless_interaction/naturalistic/train/0009/0030/V00_S0346_I00000128_P0089.jpg,V00,S0346,I00000128,P0089,0009,
/Users/m/datasets/seamless_interaction/naturalistic/train/0017/0011/V00_S0598_I00000135_P0641.jpg,V00,S0598,I00000135,P0641,0017,
/Users/m/datasets/seamless_interaction/naturalistic/train/0013/0005/V00_S0489_I00000381_P0124.jpg,V00,S0489,I00000381,P0124,0013,
/Users/m/datasets/seamless_interaction/naturalistic/train/0015/0034/V00_S0564_I00000500_P0317.jpg,V00,S0564,I00000500,P0317,0015,
/Users/m/datasets/seamless_interaction/naturalistic/train/0012/0035/V00_S0467_I00000307_P0600.jpg,V00,S0467,I00000307,P0600,0012,
/Users/m/datasets/seamless_interaction/naturalistic/train/0004/0032/V00_S0207_I00000132_P0278.jpg,V00,S0207,I00000132,P0278,0004,
/Users/m/datasets/seamless_interaction/naturalistic/train/0015/0012/V00_S0567_I00000373_P0712.jpg,V00,S0567,I00000373,P0712,0015,
/Users/m/datasets/seamless_interaction/naturalistic/train/0012/0014/V00_S0455_I00000126_P0085A.jpg,V00,S0455,I00000126,P0085A,0012,
/Users/m/datasets/seamless_interaction/naturalistic/train/0009/0037/V00_S0355_I00000130_P0476.jpg,V00,S0355,I00000130,P0476,0009,
/Users/m/datasets/seamless_interaction/naturalistic/train/0004/0017/V00_S0212_I00000481_P0287.jpg,V00,S0212,I00000481,P0287,0004,
/Users/m/datasets/seamless_interaction/naturalistic/train/0020/0033/V00_S0695_I00000497_P0843.jpg,V00,S0695,I00000497,P0843,0020,
/Users/m/datasets/seamless_interaction/naturalistic/train/0012/0034/V00_S0471_I00000520_P0602.jpg,V00,S0471,I00000520,P0602,0012,
/Users/m/datasets/seamless_interaction/naturalistic/train/0011/0043/V00_S0405_I00000125_P0535.jpg,V00,S0405,I00000125,P0535,0011,
/Users/m/datasets/seamless_interaction/naturalistic/train/0010/0040/V00_S0388_I00000520_P0514.jpg,V00,S0388,I00000520,P0514,0010,
/Users/m/datasets/seamless_interaction/naturalistic/train/0014/0012/V00_S0516_I00000375_P0658A.jpg,V00,S0516,I00000375,P0658A,0014,
/Users/m/datasets/seamless_interaction/naturalistic/train/0010/0021/V00_S0393_I00000520_P0193.jpg,V00,S0393,I00000520,P0193,0010,
/Users/m/datasets/seamless_interaction/naturalistic/train/0004/0035/V00_S0185_I00000373_P0048.jpg,V00,S0185,I00000373,P0048,0004,
/Users/m/datasets/seamless_interaction/naturalistic/train/0000/0015/V00_S0046_I00000313_P0069.jpg,V00,S0046,I00000313,P0069,0000,
/Users/m/datasets/seamless_interaction/naturalistic/train/0003/0022/V00_S0156_I00000135_P0225.jpg,V00,S0156,I00000135,P0225,0003,
/Users/m/datasets/seamless_interaction/naturalistic/train/0018/0005/V00_S0641_I00000377_P0574.jpg,V00,S0641,I00000377,P0574,0018,
/Users/m/datasets/seamless_interaction/naturalistic/train/0017/0041/V00_S0595_I00000371_P0298.jpg,V00,S0595,I00000371,P0298,0017,
/Users/m/datasets/seamless_interaction/naturalistic/train/0018/0036/V00_S0641_I00000378_P0631.jpg,V00,S0641,I00000378,P0631,0018,
/Users/m/datasets/seamless_interaction/naturalistic/train/0009/0029/V00_S0351_I00000385_P0300.jpg,V00,S0351,I00000385,P0300,0009,
/Users/m/datasets/seamless_interaction/naturalistic/train/0013/0022/V00_S0477_I00000128_P0071.jpg,V00,S0477,I00000128,P0071,0013,
/Users/m/datasets/seamless_interaction/naturalistic/train/0013/0039/V00_S0495_I00000140_P0574.jpg,V00,S0495,I00000140,P0574,0013,
/Users/m/datasets/seamless_interaction/naturalistic/train/0014/0009/V00_S0512_I00000477_P0657.jpg,V00,S0512,I00000477,P0657,0014,
/Users/m/datasets/seamless_interaction/naturalistic/train/0012/0033/V00_S0473_I00000135_P0610.jpg,V00,S0473,I00000135,P0610,0012,
/Users/m/datasets/seamless_interaction/naturalistic/train/0007/0007/V00_S0309_I00000489_P0416.jpg,V00,S0309,I00000489,P0416,0007,
